ID	Autore	Anno	Titolo	Completamento del titolo	Città, editore o rivista	Pagine	Tipologia	Istituto	Fondo	Segnatura
B_1	Agosti, G. (Ed.)	2008	Altri quaranta dipinti antichi della Collezione Saibene		Verona, Valdonega		monografia			
B_2	Anderson, J.	1996	The political power of connoisseurship in nineteenth-century Europe: Wilhelm von Bode versus Giovanni Morelli	"in ""Kennerschaft. Kolloquium zum 150sten Geburtstag von Wilhelm von Bode"", «Jahrbuch der Berliner Museen» N.F., 38"	Berlino, Mann	pp. 107-119	articolo di periodico			
B_3	Antonetto, R., Cottino, A.	1999	Pietro Accorsi: un antiquario, un'epoca		Torino, Omega Arte		monografia			
B_4	Avvisati, C.	2016	Il tesoro di Boscoreale e lo scandalo della vendita all'estero: i gioielli, gli argenti e gli aurei del 1. secolo d.C. trovati da Vincenzo de Prisco nella villa detta la Pisanella		Tricase, Youcanprint		monografia			
B_5	Bacchi, A., Capitelli, G. (Ed.)	2020	Capitale e crocevia. Il mercato dell'arte nella Roma sabauda (1870-1915)		Bologna, Fondazione Federico Zeri, Cinisello Balsamo, Silvana Editoriale		monografia			
B_6	Bacchi, A., Capitelli, G. (Ed.)	2010	Godefroy Brauer, antiquario e collezionista a Parigi, all’origine della collezione di maioliche arcaiche del Louvre all’inizio del XX secolo		in Riccetti	pp. 209-216	articolo di monografia			
B_7	Barbero, L. M.	2021	Lo specchio del gusto. Vittorio Cini e il collezionismo d'arte antica nel Novecento	atti della giornata di studio in onore di Vittorio Cini (1885-1977), Venezia, Fondazione Giorgio Cini (14 novembre 2017)	Venezia, Marsilio		monografia			
B_8	Bargellini, S.	1981	Antiquari di ieri a Firenze		Firenze, Bonechi		monografia			
B_9	Barsanti, A., Pollak, L.	1922	Raccolta Alfredo Barsanti. Bronzi italiani (Trecento - Settecento)		Roma, Istituto italiano d’arti grafiche		monografia			
B_10	Bartoli Amici, P.	2004	Jandolo, Augusto		in Dizionario biografico degli italiani, 62		articolo di monografia			
B_11	Batini, G.	1961	L'antiquario		Firenze, Vallecchi		monografia			
B_12	Bellania, S.	2015	Duse e Novelli nelle Glosse Zum Wiener Theater (1903-196) di Herman Bahr		in «Acting Archives Review», V, 10	pp. 68-84	articolo di periodico			
B_13	Bellini, L.	1924	Tolentino		in «L'Antiquario», 1924	pp. 139-141	articolo di periodico			
B_14	Bellini, L., De Chirico, G.	1947	Nel mondo degli antiquari		Firenze, Arnaud		monografia			
B_15	Bertelli, B.	2011-2012	Commercio antiquario a Firenze nel primo trentennio dopo l’Unità d’Italia: protagonisti, transazioni e circolazione delle opere d’arte		tesi di Dottorato, Università degli Studi di Udine		monografia			
B_15_2	Bianchin R.	1987	Asta Ca’ Sagredo 1987		in «La Repubblica», 29 novembre 1987		articolo di periodico			
B_16	Boccardo, P.	2001	Costantino Nigro, antiquario e mecenate, e i suoi rapporti con Roberto Longhi, Caterina Marcenaro e Angelo Costa		in Orlando	pp. 80-91	articolo di monografia			
B_17	Bode, W.	1923	Stefano Bardini		in «L'Antiquario», X, 1-2	pp. 1-2	articolo di periodico			
B_18	Boggero, F. (Ed.)	1995	Gavenola e il signor Vannenes: un episodio del '700 in valle Arroscia		Bordighera, Istituto internazionale di studi liguri		monografia			
B_19	Bracke, P.	2008-2009	L'antiquario Giuseppe Bellesi e il suo fondo fotografico all'interno della Fototeca Zeri		tesi di Laurea, Università di Bologna		monografia			
B_20	Briganti, G.	1990	Sulla fortuna di Alberto Savinio	"in Savinio, A., Vivarelli, P., Di Carlo, M., ""Savinio, gli anni di Parigi: dipinti 1927-1932"""	Milano, Electa	pp. 13-18	articolo di monografia			
B_21	Budd, D.M.	2020	The Barberini Tapestries: Charles Mather Ffoulke and the dealer's network		in Catterson	pp. 154-178	articolo di monografia			
B_21_2	Budd, D.M., Catterson, L. (Ed.)	2023	Italy for sale: alternative objects, alternative markets		Leiden-Boston, Brill		monografia			
B_21_3	Calzini, R.	1946	Milano fin de siècle		Milano, Hoepli	pp. 111-113	monografia			
B_22	Caneva, C., Colle, E., Paolucci, A., Papi, A., & Galleria degli Uffizi	2018	La collezione Contini Bonacossi nelle Gallerie degli Uffizi		Milano, Giunti		monografia			
B_23	Cappellini, P.	2023	Bardini and Beyond: Wilhelm Bode and the art dealers in Florence		in Smalcerz	pp. 125-148	articolo di monografia			
B_24	Cappellini, P.	2019	Trading Old Masters in Florence 1890-1914: heritage protection and the Florentine art trade in post-unification Italy		in «Journal of the history of collections», vol. 31, 2	pp. 363-371	articolo di periodico			
B_24_2	Carletti, L., Giometti, C.	2016	Raffaello on the road. Rinascimento e propaganda fascista in America (1938-40)		Roma, Carocci		monografia			
B_24_3	Carotti, G.	1905	Una nuova raccolta di opere d'arte		in «L’Arte», VIII, 1905	pp. 50-52	articolo di periodico			
B_24_a	Carboni, G.	2012	Attilio Simonetti, pittore e antiquario romano, e via Margutta	"in Moncada di Paternò, V., Salmeri, M.C. (a cura di), ""Atelier a Via Margutta. Cinque secoli di cultura internazionale a Roma"""	Torino-Londra-Venezia-New York, Umberto Allemandi & C.	pp. 82-87	articolo di monografia			
B_24_b	Carboni, G. (Ed.)	2024	Attilio Simonetti 1843-1925	catalogo della mostra (Roma, Carboni Goffi Antiquariato, 21 marzo-4 maggio 2024)	Roma, Campisano Editore		monografia			
B_25	Catterson, L. (Ed.)	2017	Dealing art on both sides of the Atlantic, 1860-1940		Leiden-Boston, Brill		monografia			
B_26	Catterson, L. (Ed.)	2020	Florence, Berlin and Beyond. Late Nineteeth-Century Art Markets and their Social Networks		Leiden-Boston, Brill		monografia			
B_27	Cavicchi, M.	2017	Falsi di primo Novecento nell'archivio di Luigi Albrighi		in Ottani Cavina	pp. 199-225	articolo di monografia			
B_28	Cecutti, D.	2012	Adolph Loewi e il commercio di tappeti orientali a Venezia fra Otto e Novecento		in «MDCCC 1800», 1	pp. 33-42	articolo di periodico			
B_28_2	Cecutti, D.	2013	Una miniera inesauribile. Collezionisti e antiquari di arte islamica. L'Italia e il contesto internazionale tra Ottocento e Novecento		Firenze, Maschietto Editore	pp. 82, 202-203, 238	monografia			
B_28_3	Ceriana, M.	2004	Antonio Grandi		in Ceriana Quattrini	pp. 265	articolo di monografia			
B_28_4	Ceriana, M.	2004	Achille Cantoni		in Ceriana Quattrini	pp. 51-52	articolo di monografia			
B_28_5	Ceriana, M., Quattrini, C. (Ed.)	2004	Per Brera. Collezionisti e doni alla Pinacoteca dal 1882 al 2000		Firenze, Centro Di		monografia			
B_28_6	Cipriani, A., Curzi, V., Picardi, P. (Ed.)	2014	Storia dell'arte come impegno civile. Scritti in onore di Marisa Dalai Emiliani		Roma, Campisano Editore		monografia			
B_28_7	Clain-Stefanelli, E. E.	1985	Numismatic bibliography		Monaco, n.3653		articolo di monografia			
B_29	Cobianchi, R.	2020	Protagonisti e comprimari tra collezionismo e mercato: Rocchi, Palumbo, Castellani, Helbig, Rosa De Angelis, Vedder		in Bacchi, Capitelli	pp. 165-183	articolo di monografia			
B_30	Coen P.	2020	Il dibattito arte-industria, fra aspirazioni museologiche e casi concreti		in Coen	pp. 51-94	articolo di monografia			
B_31	Coen, P.	2020	Il recupero del Rinascimento: arte, politica e mercato nei primi decenni di Roma capitale (1870-1911)		Cinisello Balsamo, Silvana		monografia			
B_32	Coen, P.	2020	Il nuovo mercante italiano e internazionale: Giuseppe Sangiorgi		in Coen	pp. 279-320	articolo di monografia			
B_33	Coen, P.	2020	La rincorsa del primato: le esportazioni di opere d'arte in Italia e nel mondo		in Coen	pp. 177-235	articolo di monografia			
B_33_2	Colli D., Foresti, L.	1999	Casa Foresti. Storia, vicende e avventure artistiche		Carpi, Ed. Il Portico		monografia			
B_34	Colombi, M.	2021	«Une des figures les plus originales de Milan»: l'antiquario Giuseppe Baslini (1817-1887)		in «Acme», vol. 74, 2	pp. 95-121	articolo di periodico			
B_34_2	Colombi, M.	2021-2022	Milano e il mercato dell'arte nella seconda metà dell'Ottocento. Il ruolo degli antiquari		tesi di Dottorato, Università di Milano		monografia			
B_34_3	Connors, J., Waldman, L.A. (Ed.)	2014	Bernard Berenson. Formation and heritage		Cambridge (MA), The Harvard University Center for Italian Renaissance		monografia			
B_35	Conti, G.	2009	I fratelli Bellini, inventori di un nuovo modo di fare antiquariato: un ricordo dei fondatori della Biennale fiorentina e dell'A.A.I.		in «Gazzetta antiquaria», N.S. 55, 1	pp. 22-25	articolo di periodico			
B_36	Contini Bonacossi, V.	2008	Diario americano: 1926-1929		Siena, Gli Ori		monografia			
B_37	De Callataÿ, F.	2016	Il venditore d'antichità by Vincenzo Capobianchi (1880): possibly the most scholarly work of the neo-Pompeian painting		in «Anabases», XXIII	pp. 47-73	articolo di periodico			
B_38	De Clemente, A.	1923	Da pittore ad antiquario		in «L'Antiquario. Rivista indipendente», X, 4-5	p. 45	articolo di periodico			
B_39	Del Giorgio, L.	2021-2022	Vincenzo Ciampolini. Negoziante e Commissario di oggetti d'arte antichi nella Firenze tra diciannovesimo e ventesimo secolo		Università degli Studi di Firenze		monografia			
B_40	Di Castro, A.	2012	L'arte dell'antiquariato		in «Gazzetta antiquaria», 62, 2	pp. 20-23	articolo di periodico			
B_40_1	Di Lorenzo, A.	2002	Édouard e Nélie a Milano: i loro rapporti con gli antiquari, i restauratori e i collezionisti		in Di Lorenzo	pp. 37-45	articolo di monografia			
B_40_2	Di Lorenzo, A.	2002	Due collezionisti alla scoperta dell’Italia. Dipinti e sculture dal museo Jacquemart-André di Parigi, catalogo della mostra (Milano 2002-2003)		Cinisello Balsamo, Silvana Editoriale		monografia			
B_41	Diebner, S., Rossini, O.	2024	Lettere di Ludwig Pollak a Wilhelm Froehneer: 1903-1925		Roma, Gangemini Editore spa		monografia			
B_42	D'Orazi, L.	2018	Canessa: una famiglia di antiquari, Nummus et Historia, XXXV		Cassino, Classica Editrice Diana		monografia			
B_43	D'Orazi, L.	2018	Canessa, una famiglia di antiquari		Cassino, Associazione Culturale Italia Numismatica		monografia			
B_44	Facchineti, S., Piccinini, L., Riccomini, M.	2022	Vita d'Antiquari. Uno dei mestieri più belli del mondo, raccontato dalla voce dei protagonisti		Firenze, Associazione Antiquari d'Italia		monografia			
B_45	Fehér, I.	2012	Károly Pulszky and the Florentine acquisitions for the Szépmúvészeti Múzeum in Budapest between 1893 and 1895		in «Mitteilungen des Kunsthistorischen institutes in Florenz», vol. 54 (20102012), 2	pp. 319-364	articolo di periodico			
B_46	Ferrazza, R.	2011	Elia Volpi e il Museo della Casa Fiorentina Antica di Palazzo Davanzati		in Mannini	pp. 138-147	articolo di monografia			
B_47	Ferrazza, R.	1993	Palazzo Davanzati e le collezioni di Elia Volpi		Firenze Centro Di		monografia			
B_48	Fina, G. (Ed.)	2018	Argentieri piemontesi del '700: trovati e ritrovati		Milano, Skira		monografia			
B_48_1	Foresti, L.	1999	La cultura e il mondo di Carlo Foresti		in Colli, Foresti		articolo di monografia			
B_49	Franchini Guelfi, F.	2001	Benno Geiger storico dell’arte e mercante alla riscoperta di Alessandro Magnasco		in Orlando	pp. 251-256	articolo di monografia			
B_49_1	Fuhrmeister, C., Murovec, B. (Ed.)	2022	Transfer of cultural objects in the Alpe Adria Region in the 20th century		Köln Wien, Böhlau Verlag		monografia			
B_50	Galassi, M.C.	2001	Nascita e sviluppo del collezionismo borghese: i Luxoro		in Orlando	pp. 59-70	articolo di monografia			
B_51	Geiger, B.	1958	Memorie di un veneziano		Firenze, Vallecchi		monografia			
B_52	Giannini, C.	2002	L’attimo fuggente. Storie di collezionisti e mercanti		Bergamo, Lubrina Bramani Editore		monografia			
B_53	Giannini, C.	2011	Attilio Steffanoni, restauratore e antiquario. Un diario inedito	"in Sciolla, G.C., Rovetta, A. (a cura di), ""Francesco Malaguzzi Valeri (1867- 1928). Tra storiografia artistica, museo e tutela"", atti del convegno (Milano-Bologna, 20-21 ottobre 2011)"	Milano, Segrate	pp. 205-216	articolo di monografia			
B_54	Giannini, F.	2017	Franco Steffanoni per Gian Battista Tiepolo. Frammenti di lettere famigliari	"in Manieri Elia, G., Piva, C. (a cura di), ""Tiepolo e la prima guerra mondiale"""	Firenze		articolo di monografia			
B_55	Giometti, C.	2019	Stefano Bardini, Vincenzo Ciampolini e un ciclo di affreschi di Giovanni da San Giovanni in palazzo Pucci		in Ciancabilla, Giometti	pp. 165-176	articolo di monografia			
B_56	Giometti, C., Ciancabilla, L.	2019	Stefano Bardini estrattista: affreschi staccati nell'Italia unita fra antiquariato, collezionismo e musei		Pisa, ETS		monografia			
B_57	Glaros, M.	2012	Sometimes a little injustice must be suffered for the public good: how National Security (Aliens Control) regulations 1939 (CHT) affected lives of German, Italian, Japanese, and Australian-born women living in Australia during World War II		PhD diss., University of Western Sidney	pp. 337-342	monografia			
B_58	González-Palacios, A.	1999	Le tre età		Milano, Longanesi		monografia			
B_59	González-Palacios, A.	2014	Persona e maschera: collezionisti, antiquari e storici dell'arte		Milano, Archinto		monografia			
B_60	Grassi, M.	2017	The American View of the “Forgotten Century” of Italian Painting. Reminescences of a Conservator and Art Dealer	"in Peters Boworon, E. (a cura di), ""Buying Baroque: Italian Seventeenth-Century Paintings Come to America"""	Pennsylvania Park, The Pennsylvania State University Press	pp. 40-53	articolo di monografia			
B_60_2	Guida Genovese	1933	Opera Pompei		Genova, Istituto Derelitti		monografia			
B_61	Guidi Bruscoli, F.	2022	Addio a Leonardo Lapiccirella		in «Il Giornale dell'Arte», 7 dicembre 2022		articolo di periodico			
B_62	Gulli, C.	2021	La collezione Chiaramonte Bordonaro nella Palermo di fine Ottocento		Roma, Officina Libraria		monografia			
B_63	Imbellone, A. (Ed.)	2008	Maceo: anni romani 1934-1944		Cinisello Balsamo, Silvana		monografia			
B_64	Imbert, A.	1909	Ceramiche orvietane dei secoli XIII e XIV. Note su Documenti		Roma, Forzani		monografia			
B_65	Jandolo, A.	1935	Le memorie di un antiquario		Milano, Ceschina		monografia			
B_66	Jandolo, A.	1947	Antiquaria		Milano, Ceschina		monografia			
B_67	Jandolo, A.	1925	A viso aperto		in «L'Antiquario», XII, 1	pp. 15-16	articolo di periodico			
B_68	Lambrugo, C.	2018	Giulio Sambon e la sua collezione: dal commercio antiquario alla raccolta pubblica	"in Paolucci, G., Provenzali, A. (a cura di), ""Il viaggio della Chimera. Gli Etruschi a Milano tra archeologia e collezionismo"", catalogo della mostra (Milano, Civico Museo Archeologico, 12 dicembre 2018 - 12 maggio 2019)"	Milano, Johan & Levi Editore	pp. 75-82, pp. 233-239	articolo di monografia			
B_68_1	Landi, E.	2014	The antiquarian Carlo Alberto Foresti of Carpi, a correspondent of Bernard Berenson: unknown documents for the history of a dispersed collection		in Connors, Waldman	pp. 309-330	articolo di monografia			
B_69	L'Antiquario	1909	La vendita Ferroni		in «L'Antiquario», 12	pp. 88-92	articolo di periodico			
B_70	L'Antiquario	1916	Elia Volpi in America		in «L'Antiquario», VIII, 3	pp. 17-18	articolo di periodico			
B_71	Lapiccirella D.	2022	Era mio padre: un ricordo di Leonardo Lapiccirella		in «Gazzetta antiquaria», N.S. 55, 1		articolo di periodico			
B_72	L'Araldo	1923	Fratelli Volterra: antiquari fiorentini		in «L'Antiquario», X, 1-2	pp. 12-13	articolo di periodico			
B_73	L'Etrusco	1923	I bronzi di Barsanti		in «L'Antiquario», X, 1-2	p. 8	articolo di periodico			
B_74	L'Etrusco	1925	I fratelli Pini		in «L'Antiquario», XII, 3	p. 144	articolo di periodico			
B_75	L'Obiettivo	1932	Salvatore Romano		in «L'Antiquario», XVIII-XXV, 1	p. 48	articolo di periodico			
B_76	Lorizzo, L.	2018	L’arte di falsificare l’arte. Michele Lazzaroni e la Fototeca di Adolfo Venturi	"in Schiaffini, I. (a cura di), ""La fototeca di Adolfo Venturi alla Sapienza"""	Roma, Campisano Editore	pp. 85-94	articolo di monografia			
B_77	Lorizzo, L.	2015	Un falso Rinascimento? 2. il barone Michele Lazzaroni e la scultura		in «Studiolo», 11, 2014	pp. 108-119, 301-302	articolo di periodico			
B_78	Luzzetti, G.	2018	In volo coi gabbiani: memorie di un antiquario collezionista		Firenze, Le Lettere		monografia			
B_78_1	Malni Pascoletti, M.	1991	Una delle gallerie private più interessanti del mondo intero. Note su Italico Brass collezionista		in Masau Dan	pp. 43-52	articolo di monografia			
B_79	Mambelli, F.	2020	Il più grande centro commerciale di oggetti d’arte: la Galleria Sangiorgi tra strategie di marketing e artigianato artistico		in Bacchi, Capitelli	pp. 185-227	articolo di monografia			
B_80	Mambelli, F.	2014	La vendita della collezione Ferroni nelle fotografie di Federico Zeri	"in Bacchi, A., Mambelli, F., Rossini, M., Sambo, E. (a cura di), ""I colori del bianco e nero: fotografie storiche nella Fototeca Zeri 1870-1920"""	Bologna, Fondazione Federico Zeri	pp. 107-113	articolo di monografia			
B_81	Mana, L.	2022	Pietro Accorsi e il riuso dell'antico. Un avvio di ricerche		in D'Italia, Mana, Natale, Galateri di Genola	pp. 45-52	articolo di monografia			
B_82	Mannini, L.	2011	Luigi Bellini antiquario, collezionista e mecenate		in Mannini	pp. 245-250	articolo di monografia			
B_83	Mannini, L.	2011	Alessandro e Vittoria Contini Bonacossi, antiquari e collezionisti a Villa Vittoria		in Mannini	pp. 237-244	articolo di monografia			
B_84	Marangoni, M. & Barreca, L.	2006	Matteo Marangoni. Carteggi (1990-1958)		Palermo, Editrice Mediterranea		monografia			
B_85	Marano, V.	2007-2008	Due generazioni di antiquari, i Volterra		tesi di Laurea, Università di Bologna		monografia			
B_86	Mariz, V.	2018	«A magnificent work». O entusiasmo da Inglaterra Vitoriana em torno do Sào Pedro da Sé de Viseu, obra-prima do Grào Vasco		in «Artis – Revista de História da Arte e Cièncias do Património», 5	pp. 120-129	articolo di periodico			
B_87	Martini Stelio, M.	1966	Antiquari a Roma		in «Capitolivm», XLI	pp. 224-235	articolo di periodico			
B_87_1	Masau Dan, M. (Ed.)	1991	Italico Brass		Gorizia, Electa		monografia			
B_88	Minervino, F.	1976	Autenticazioni, falsi, esperti, specializzazioni		in «Bolaffiarte», 2, [supllemento al n. 64 di «Bolaffiarte»]	pp. 16-22	articolo di periodico			
B_89	Misiano, S.	2012	I ritratti di Augusto Jandolo al Museo di Roma: immagini tra storia e cronache d'arte		in «Bollettino dei musei comunali di Roma», N.S.	pp. 183-196	articolo di periodico			
B_90	Modestini, M.	2018	Capolavori?: basato su un manoscritto di Mario Modestini		Fiesole, Cadmo		monografia			
B_91	Morandotti, A.	2001	Italico Bras, pittore, conoscitore e mercante nell’età di Giuseppe Fiocco		in Orlando	pp. 241-250	articolo di monografia			
B_91_1	Morandotti, A.	2008	Il collezionismo in Lombardia. Studi e ricerche tra '600 e '800		Milano, Officina Libraria		monografia			
B_92	Moskowitz, A. F.	2015	Stefano Bardini 'principe degli antiquari': prolegomenon to a biography		Firenze, Centro Di		monografia			
B_93	Moskowitz, A. F.	2019	Giovanni Freppa, 'Jack of all Trades'		in «Journal of modern italian studies». Vol. 24, 4	pp. 551-578	articolo di monografia			
B_94	Napodano, L.	2018	Giulio Sambon mercante d'arte		in «Acme», vol. 17, 2	pp. 131-165	articolo di periodico			
B_95	Napoleone, V.	2020	Between Florence and Berlin: the international art market in post-unification Rome		in Catterson	pp. 181-208	articolo di monografia			
B_96	Napoleone, V.	2020	La Galleria Simonetti e la collezione di un grande antiquario romano		in Bacchi, Capitelli	pp. 95-115	articolo di monografia			
B_97	Napoleone, V.	2017	Bardini e Roma, collaborazioni antiquarie per una clientela d'oltreoceano		in Teodori, Celani	pp. 69-81: p. 80, nota 19	articolo di monografia			
B_98	Natale M.	2021	Vittorio Cini e Federico Zeri		in Barbero	pp. 75-94	articolo di monografia			
B_99	Natale, V.	2022	Gotico e Rinascimento in Piemonte di Pietro Accorsi		in D'Italia, Mana, Natale, Galateri di Genola	pp. 23-44	articolo di monografia			
B_100	Nesi, A.	2011	Stefano Bardini e il palazzo in piazza de’ Mozzi		in Mannini	pp. 127-137	articolo di monografia			
B_101	Niemeyer Chini, V.	2009	Stefano Bardini e Wilhelm Bode: mercanti e connaisseur fra Ottocento e Novecento		Firenze, Polistampa		monografia			
B_102	Ojetti, U.	1954	I taccuini: 1914-1943		Firenze, Sansoni		monografia			
B_103	Olcese Spingardi, C.	2020	Villa, Giovanni Battista		in Dizionario Biografico degli Italiani, 99		articolo di monografia			
B_104	Orlando. A (Ed.)	2001	Genova e il collezionismo nel Novecento: studi nel centenario di Angelo Costa, 1901-1976		Torino, U. Allemandi		monografia			
B_105	Ottani Cavina, A., Natale, M.	2017	Il falso specchio della realtà		Torino, U. Allemandi		monografia			
B_106	Pazzi, S.	2016	La donazione dimenticata: l'incredibile vicenda della collezione Contini Bonacossi		Milano, Mondadori Electa		monografia			
B_106_1	Pellegrini, E.	2022	Göring in Italy: the Ventura case		in Fuhrmeister, Murovec	pp. 145-162	articolo di monografia			
B_106_2	Pellegrini, E.	2014	Gli scambi di opere d’arte nella politica del Ventennio. I Busti Vanchetoni per la Pietà di Palestrina e il caso Ventura-Goering		in Cipriani Curzi Picardi	pp. 245-251	articolo di monografia			
B_107	Piccioli, A.	1929	Un altro atto di mecenatismo dei Conti Contini: La Pietà di Attilio Selva		in «L'Antiquario», XVI, 2	pp. 65-68	articolo di periodico			
B_107_1	Piccolo, O.	2008	La collezione dispersa: le opere Cagnola-Lattuada prima e dopo l'asta Geri del 1916		Verona, Scripta Edizioni		monografia			
B_108	Pini, S.	2011	Fondazione Salvatore Romano: guida alla visita del museo		Firenze, Polistampa		monografia			
B_109	Pini, S.	2011	Salvatore Romano, dai segreti del Palazzo Magnani Feroni a Santo Spirito		in Mannini	pp. 148-156	articolo di monografia			
B_110	Planiscig L.	2006	La collezione Luigi Grassi di piccoli bronzi del Rinascimento		Firenze, Centro Di		monografia			
B_111	Pollak, L., Merkel Guldan, M.	1994	Römische Memoiren. Künstler, Kunstliebhaber und Gelehrte, 1893-1943		Roma, L'Erma di Bretschneider		monografia			
B_112	Porretti, L.	2004	Notizie su Luigi Grassi pittore, restauratore e antiquario (1858-1937)		in «Notizie da Palazzo Albani», Urbino QuattroVenti, XXXIII	pp. 175-184	articolo di monografia			
B_113	Provo, A.	2017	Surrogates and intermediaries: the informational role of photographs in the art market		in Catterson	pp. 269-190	articolo di monografia			
B_113_1	Pucci, A., Bencivenni, M., de Vico, M. (Ed.)	2017	I giardini di Firenze, IV, Giardini e orti privati della città		Firenze, Leo S. Olschki		monografia			
B_114	Rafa, A.	1923	A. Bino Cesana		in «L'Antiquario», X, 11-12	pp. 140-141	articolo di periodico			
B_115	Rasario, G.	2004	De Chirico pendant Bellini		in «Metafisica», 3-4	pp. 271-298	articolo di periodico			
B_116	Riccetti, L. (Ed.)	2010	1909 tra collezionismo e tutela: connoisseur antiquari e la ceramica medievale orvietana	catalogo delle mostra (Perugia, Galleria Nazionale dell'Umbria, Palazzo Baldeschi al Corso, 2009-2010; Orvieto, Museo Archeologico Nazionale, 2010)	Milano, Giunti		monografia			
B_117	Riccio, B. (Ed.)	1996	Lettere sull’antiquariato di Mario Praz e Luigi Magnani 1952-1981		Torino, U. Allemandi	p. 116	monografia			
B_117_1	Riccomini, M.	2021	Adriano Cera		in «Gazzetta Antiquaria», 7 gennaio 2021		articolo di periodico			
B_118	Rizzo, R.	2016	Pietro Accorsi il mercante di meraviglie: da rigattiere bambino a fondatore di un grande museo d'antiquariato		Cinisello Balsamo, Silvana		monografia			
B_119	Romanengo, M.	2001	Il mondo del collezionismo privato a Genova nel Novecento		in Orlando	pp. 110-120	articolo di monografia			
B_119_2	Romiti, A.	1952	L'antiquario		in «Strenna dei Romanisti», 13.1952	pp. 22-25	articolo di monografia			
B_119_3	Rowlands, E.W.	2023	Here, There, and Everywhere: Harold Parsons, the Italian Market and a Letter of 1948		in Budd, Catterson	pp. 329-407	articolo di monografia			
B_120	Sambo, E.	2014	«Braun & C.ie» nelle commissioni Lazzaroni	"in Bacchi, A., Mambelli, F., Rossini, M., Sambo, E. (a cura di), ""I colori del bianco e nero: fotografie storiche nella Fototeca Zeri 1870-1920"""	Bologna, Fondazione Federico Zeri	pp. 133-138	articolo di monografia			
B_121	Sambo, E.	2015	Un falso Rinascimento? 1. Michele Lazzaroni (1863-1934), tra contraffazione e restauro		in «Studiolo», 11, 2014	pp. 94-107, 301-302	articolo di periodico			
B_121_1	Sambon G.	1887	Catalogo delle monete italiane medioevali e moderne, monete estere, monete romane consolari ed imperiali, monete greche e medaglie componenti la collezione del sig. Achille Cantoni di Milano, Milano 25 aprile 1887		Milano 1887		catalogo d'asta			
B_122	Sanvitale, F.	2002	La romanza italiana da salotto		Torino, EDT.		monografia			
B_122_1	Santamaria P. & P.	1920	Catalogo delle monete di zecche italiane componenti la raccolta di un distinto raccoglitore defunto, in vendita all’asta pubblica, Roma 26 aprile 1920		Roma 1920		catalogo d'asta			
B_122_2	Santamaria P. & P.	1920	Médailles romaines, aes grave, composant la collection d’un amateur décédé, Roma 29 novembre 1920		Roma 1920		catalogo d'asta			
B_123	Scarpa, P.	1929	Un pittore lirico: Giuseppe Grassi		in «L'Antiquario», XVI, 2	pp. 69-71	articolo di periodico			
B_123_1	Sciltian, G.	1963	Mia aventura		Milano, Rizzoli		monografia			
B_124	Silvestrini, C.	2008	Mariano Rocchi antiquario: il commercio d'arte sull'asse Perugia-Roma tra Otto e Novecento		Perugia, EFFE.		monografia			
B_125	Smalcerz, J. (Ed.)	2023	Wilhelm Bode and the art market: connoisseurship, networking and control of the marketplace		Leiden-Boston, Brill.		monografia			
B_126	Teodori, B., Celani, J.	2017	Dall'asta al museo. 1916-1956-2016: Elia Volpi e Palazzo Davanzati nel collezionismo pubblico e privato del Novecento		Firenze, Polistampa		monografia			
B_127	Terris, J. J.	1952	Catalogue des meubles et objets d'art anciens et modernes, très important tableaux ... très nombreuses sculptures ... provenant des collections des Barons Lazzaroni et garnissant la Villa Madeleine ... Nice : vente ... sur lieu ... lundi 16 ... samedi 21 juin 1952		[S.l. s.n.]		catalogo d'asta			
B_128	Toffali, E.	2016-2017	Dalle sfide attributive alle perizie commerciali. Giuseppe Fiocco tra accademia, critica, tutela e mercato dell'arte		tesi di Dottorato, Università Ca' Foscari Venezia		monografia			
B_129	Tolosani, D.	1926	Vendita Banti		in «L'Antiquario», XIII, 1	pp. 1-9	articolo di periodico			
B_130	Tolosani, D.	1912	Vincenzo Ciampolini		in «Il Conoscitore», V, 8-9	pp. 43-45	articolo di periodico			
B_131	Tolosani, D.	1911	I colleghi d'Italia: Napoletani		in «L'Antiquario», IV, 6	pp. 45-51	articolo di periodico			
B_132	Tolosani, D.	1924	Luigi Grassi		in «L'Antiquario», XI, 3	pp. 81-86	articolo di periodico			
B_133	Tolosani, D.	1911	Vendita Emilio Laschi		in «L'Antiquario», IV, 1	pp. 9-10	articolo di periodico			
B_134	Tolosani, D.	1911	Settimio Laschi		in «L'Antiquario», IV, 5	pp. 39-41	articolo di periodico			
B_135	Tolosani, D.	1909	Strascichi elettorali		in «L'Antiquario», 12	pp. 94-95	articolo di periodico			
B_136	Tolosani, D.	1923	Personali ricordi		in «L'Antiquario», X, 1-2	pp. 2-7	articolo di periodico			
B_137	Tolosani, D.	1929	Giuseppe Salvadori		in «L'Antiquario», XVI	pp. 3-9	articolo di periodico			
B_138	Tolosani, D.	1908	I grandi antiquari italiani: Stefano Bardini		in «L'Antiquario», 1	pp. 2-3	articolo di periodico			
B_139	Tolosani, D.	1910	Il Palazzo Davanzati		in «L'Antiquario», II, 9-10	pp. 66-72	articolo di periodico			
B_140	Tolosani, D.	1913	I colleghi d'Italia: Romani		in «L'Antiquario», VI, 1	pp. 1-4	articolo di periodico			
B_141	Tolosani, D.	1913	I colleghi d'Italia: Bolognesi		in «L'Antiquario», VI, 2-3	pp. 9-12	articolo di periodico			
B_142	Tolosani, D.	1923	Il Museo Bardini		in «L'Antiquario», XII, 4-5	pp. 149-159	articolo di periodico			
B_143	Tolosani, D.	1924	Raoul Tolentino		in «L'Antiquario», XI, 6-7	p. 187	articolo di periodico			
B_144	Tolosani, D.	1926	Galleria Bellini		in «L'Antiquario», XIII,2	pp. 53-54	articolo di periodico			
B_145	Tolosani, D.	1928	La donazione Contini		in «L'Antiquario», XV, 3	pp. 123-125	articolo di periodico			
B_146	Tolosani, D.	1928	Giuseppe Sangiorgi		in «L'Antiquario», XV, 2	pp. 68-69	articolo di periodico			
B_147	Towner, W.	1970	The elegant auctioneers		New York, Hill & Wang		monografia			
B_148	Turco, V.	1924	Barsanti e i suoi bronzi		in «L'Antiquario», XI, 2	pp. 37-44	articolo di periodico			
B_149	Watrelot, M.	2020	Wilhelm von Bode and Prince Johann II von Liechtenstein: the private correspondence 1882-1925		in Catterson	pp. 11-46	articolo di monografia			
B_150	Zaninelli, F.	2020	The interesting Case of Alessandro Contini Bonacossi (1878-1955) and Wilhelm von Bode (1845-1929)		in Catterson	pp. 249-305	articolo di monografia			
B_151	Zaninelli, F.	2018	Alessandro Contini Bonacossi (1878-1955). Cenni biografici	"in Draghi, S., Tosone, A. (a cura di), ""La collezione Contini Bonacossi nelle Gallerie degli Uffizi"""	Firenze, Giunti	pp. 301-317	articolo di monografia			
B_152	Zaninelli, F.	2018	Alessandro Contini Bonacossi, antiquario (1875-1955): the art market and cultural philantropy in the formation of american museum		Phd Diss., University of Edinburgh		monografia			
B_153	Zaninelli, F.	2023	Some Remarks on Wilhelm Bode and the Art Market in Italy, 1880-1909: the cases of Pietro Foresti (1854-1926) and A. Chiesa		in Smalcerz	pp. 151-205	articolo di monografia			
B_154	Zanni, A.	2000	Dedicato a Giuseppe Baslini (1817-1887)	"in Flores D'Arcais, F., Olivari, M. (a cura di), ""Arte lombarda del secondo millenio: saggi in onore di Gian Alberto Dell'Acqua"""	Milano, Motta	pp. 270-275	articolo di monografia			
B_154_1	Zaru, C.	2022	L'affare Ventura: antiquari e collaborazionisti intorno alla seconda guerra mondiale. Una ricerca ispirata ai documenti dell’Archivio Siviero		in «Contesti d'arte», anno 2, numero 2	pp. 179-199	articolo di periodico			
B_155	Zavatta, G.	2008	Leo e Vittorio Veneziani. Antiquari, connaisseurs, 'collezionisti'		in Imbelloni	pp. 54-64	articolo di monografia			
B_155_1	Zeri, F.	1986	Una sala Alitalia ad Assisi nel sacro Convento. Le 57 opere più belle della collezione Mason Perkins		in «Il Giornale dell'Arte», numero 37	p. 16	articolo di periodico			
B_156	Zeri, F.	1995	Confesso che ho sbagliato. Ricordi autobiografici		Milano, Longanesi		monografia			
B_156_1	Zorzi, E.	1934	L'arte italiana in America		in «Gazzetta di Venezia», 3 febbraio 1934		articolo di periodico			
B_157	Sacchi Lodispoto, T., Spinazzè, S. (Ed.)	2019	Attilio Simonetti (1843-1925): pittore alla moda e antiquario a Roma	catalogo della mostra (Galleria Berardi, Roma, 24 gennaio-23 febbraio 2019)	Roma, Berardi Galleria d'Arte, 2019		monografia			
B_158			Al Palazzo Davanzati (inaugurazione)		in «L'Antiquario», 1-2	pp. 1-2	articolo di periodico			
B_159	American Art Association, Anderson Galleries, Canessa, E.	1930	An important collection of rare and valuable antiquities, Gothic and Renaissance furniture... Primitive paintings... rare Greek and Graecoroman sculptures... gathered from famous european collections by the late Ercole Canessa...	New York, 29 marzo 1930			catalogo d'asta			
B_160	Finarte	1987	Arredi e dipinti, Ca’ Sagredo, Venezia	Venezia, 28-29 novembre 1987			catalogo d'asta			
B_161			Borrowed to buy art treasures then mortgaged them to buy more		in «The New York Herald», 1 novembre 1925	p. 7	articolo di periodico			
B_162	Galleria Ciardiello	1936	Catalogo degli oggetti già appartenenti all’Antiquario Pallotti, arte e ammobiliamento antico, quadri, sculture...	Firenze, 23 novembre-1 dicembre 1936			catalogo d'asta			
B_163	Galleria L'Antonina	1936	Catalogo dei mobili ed oggetti d'arte antichi componenti la collezione appartenuta al compianto comm. Gustavo Corvisieri...	Roma, 25 marzo-9 aprile 1936	Roma, Quintiily		catalogo d'asta			
B_164	Jandolo & Tavazzi	1912	Catalogo dei pregevoli oggetti d’arte antichi e moderni di pertinenza del defunto sig. Antonio Jandolo e di un distinto collezionista	Roma, 4-12 marzo 1912			catalogo d'asta			
B_165	Galleria d'arte Vitelli	1923	Catalogo della collezione d'arte antica di proprieta Edoardo Villa & C. di cui avrà luogo la vendita al maggiore offerente nelle sale del palazzo Granello piazza Giustiniani 7, Genova	Genova, 15-22 dicembre 1923			catalogo d'asta			
B_166	Giulio Sambon	1888	Catalogo della collezione Baslini di Milano... Quadri, avori, medaglie, placchette, armi...	Milano, 26 Novembre 1888 e giorni successivi			catalogo d'asta			
B_167	Galleria Ciardiello	1935	Catalogo della collezione De Clemente, Palazzo Ricasoli Firidolfi, Firenze: oggetti di sola arte antica, quadri sculture, bronzi, mobili, maioliche italiane ecc. ecc.	Firenze, 29 aprile-3 maggio 1935			catalogo d'asta			
B_168	Galleria Ciardiello	1932	Catalogo della raccolta di arte antica appartenente al noto Antiquario Enrico Testa che viene venduta all’Asta Pubblica per definitivo ritiro dal commercio	Firenze, 23 maggio-1 giugno 1932			catalogo d'asta			
B_169	Impresa vendite Cesare Galardelli	1926	Catalogo della vendita di arte antica di proprietà del sig. L.M. Banti: mobili originali dal XV al XVII scolo. Quadri fondi oro, sculture classiche...	Firenze 14-16 aprile 1926			catalogo d'asta			
B_170	Casa di vendite Guglielmi	1938	Catalogo delle raccolte d'arte ed arredamento antico dell'antiquario Pasquale Addeo...	Roma, 22-24 febbraio 1938			catalogo d'asta			
B_171	Eredi Giugni	1970	Catalogo di quanto viene venduto dal Palazzo Internazionale delle Aste ed Esposizioni: Firenze, per ordine di Eredi Giugni, comprendente: mobili, quadri, sculture, arazzi, tappeti...	Firenze, 17-19 ottobre 1970	Bologna, Poligrafici Consolini & C.		catalogo d'asta			
B_172	Domenico Corvisieri	1894	Catalogue de la riche collection d'armes du Moyen Age et de la Renaissance et de rares objets d'art anciens et modernes appartenant a la liquidation du patrimoine de le baron M. A. Lazzaroni, dont la vente aux encheres publiques aura lieu a Rome sous la direction de M. Dominique Corvisieri	Roma, 10-20 dicembre 1894			catalogo d'asta			
B_174	Jandolo & Tavazzi, Galleria Sangiorgi	1909	Catalogue de la vente après décès de mr Joachim Ferroni: se composant de tableaux des maîtres italiens et étrangers	Roma, 14-22 aprile 1909			catalogo d'asta			
B_175	Jandolo & Tavazzi	1910	Catalogue de la vente des objets d’art ancien composant les collections Elie Volpi	Roma 25 aprile-3 maggio 1910			catalogo d'asta			
B_176	Clarke, A.W., Freund, K. (Ed.)	1922	Catalogue of the rare and valuable collection formed by the widely known and eminent expert and connoisseur Chev. Raoul Tolentino...	New York, 18-25 novembre 1922			catalogo d'asta			
B_177			Coming italian art sale. Raoul Tolentino		in «American Art News», 12 luglio 1919, 17, n. 36	p. 5	articolo di periodico			
B_178			Coming italian art sale. Raoul Tolentino		in «American Art News», 17 aprile 1920	p. 9	articolo di periodico			
B_179			Commemorazione di Arturo Rambaldi		in «L'Antiquario», XVI, 3, 1929	p. 177	articolo di periodico			
B_180			Commemorazione di Cesare Lampronti		in «L'Antiquario», XVIII-XXV, 1, 1932	pp. 45-46	articolo di periodico			
B_181			Commemorazione di Edoardo Villa		in «L'Antiquario», XII, 1, 1925	p. 45	articolo di periodico			
B_182			Commemorazione di Vincenzo Ciampolini		in «L'Antiquario», XVIII-XXV, 1, 1932	p. 46	articolo di periodico			
B_183	American Art Association	1920	De luxe catalogue of the rare artistic properties collected by Signor Raoul Tolentino	New York, 21-27 aprile 1920			catalogo d'asta			
B_183_b	Townsend, H., American Art Association	1921	De luxe illustrated catalogue of the extensive and very valuable artistic antique property belonging to ... Luigi Orselli...		New York		catalogo d'asta			
B_184	American Art Association	1922	De luxe illustrated catalogue of the furniture and works of art from the castle formerly occupied by the Savoy family in Verzuolo (Piedmont) Italy and other valuable artistic property recently selected abroad by the connoisseur chevalier Raoul Tolentino	New York, 16-18 febbraio 1922			catalogo d'asta			
B_185	Madesani, A., Staudacher, E. (Ed.)	2017	Galleria Pesaro: storia di un mercante creatore di collezioni	catalogo della mostra (Milano, Galleria Maspes, 21 settembre-14 ottobre 2017)	Crocetta del Montello (TV), Antiga Edizioni		monografia			
B_186			Gr. Uff. Prof. Luigi Grassi.		in «L'Antiquario», XIV, 2, 1927	p. 77	articolo di periodico			
B_188	American Art Association	1924	Illustrated catalogue of Gothic and Renaissance Italian and French art gathered by chevalier Raoul Tolentino...	New York, 22-26 aprile 1924			catalogo d'asta			
B_189	American Art Association	1919	Illustrated catalogue of the rare and valuable Italian Renaissance furniture...paintings and textiles, Greek and Roman antiquities... comprising the Tolentino Galleries Collection	New York, 1-2 maggio 1919			catalogo d'asta			
B_190	de Nicola, G., Toesca, P., American Art Association	1927	Italian art: the collection of Professor Luigi Grassi, furniture, textiles, sculpture and jewelry	New York, 20-22 gennaio 1927			catalogo d'asta			
B_191			Italian Count marries American society woman		in «The New York Herald», 20 settembre 1922	p. 1	articolo di periodico			
B_192	American Art Association, Anderson Galleries	1931	Italian furniture of the Renaissance, rare Majolica... Primitive and Renaissance paintings, the collection of Achille De Clemente, Florence...	New York, 15-17 gennaio 1931			catalogo d'asta			
B_193	Wannenes	2016	La collezione Gallino: dipinti antichi e del XIX secolo	Genova, 1 giugno 2016			catalogo d'asta			
B_194			La statua del Prof. Costantini		in «L'Antiquario», 3-4	pp. 28-29	articolo di periodico			
B_195	Mannini, L. (Ed.)	2011	Le stanze dei tesori: collezionisti e antiquari a Firenze tra Ottocento e Novecento	catalogo della mostra (Firenze, Palazzo Medici Riccardi, 3 ottobre 2011-15 aprile 2012)	Firenze, Polistampa		monografia			
B_196			Nuovi antiquari a Firenze		in «L'Antiquario», X, 4-5, 1923	p. 57	articolo di periodico			
B_197			Pietro Bruschi di Arezzo		in «L'Antiquario», XIV, 2, 1927	p. 83	articolo di periodico			
B_198	Sotheby's	2013	Property from the estate of Giancarlo Baroni	New York, 29-30 gennaio 2013			catalogo d'asta			
B_199			Raimondo Orselli		in «L'Antiquario», XVII, 1, 1930	p. 10	articolo di periodico			
B_200	Curtis Studio	1922	Rare artistic properties collected by the expert and connoisseur chevalier Raoul Tolentino of Rome	San Francisco, 21-24 marzo 1923			catalogo d'asta			
B_201			Rare italian art in Tolentino sale		in «American Art News», 11 novembre 1922, 21, 5	p. 4	articolo di periodico			
B_202	D'Italia, S., Mana, L., Natale, V., Galateri di Genola, M. (Ed.)	2022	Rinascimento Privato. Da Spanzotti a Defendente Ferrari nelle Collezioni Piemontesi	catalogo della mostra (Torino, Museo di Arti Decorative Accorsi-Ometto, 21 ottobre 2022-29 gennaio 2023)	Genova, Sagep, 2022		monografia			
B_203			Roman antiquarian killed by autobus		in «The Paris Time», 5 p.m. Ed., 2 agosto 1928	p. 1	articolo di periodico			
B_204	Sotheby's	2009	Salvatore e Francesco Romano antiquari a Firenze, un secolo di attività a Palazzo Magnani Feroni	Firenze, 12-15 ottobre 2009			catalogo d'asta			
B_205	American Art Association	1927	The Achillito Chiesa collection. Part IV. Italian, Dutch and Flemish XV-XVII Century paintings, portraits and genre subjects...	New York, 22-23 novembre 1927			catalogo d'asta			
B_206	American Art Association, De Groot, H., Hoogerwerff, G. J., De Nicola, G. (Eds.)	1925	The collection of Achillito Chiesa Esq. of Milan. Part I. Flemish and Dutch paintings... Italian Primitives and Renaissance examples...	New York, 27 novembre 1925			catalogo d'asta			
B_207	American Art Association	1926	The collection of Achillito Chiesa. Part II. Italian Primitives and Renaissance paintings...	New York, 16 aprile 1926			catalogo d'asta			
B_208	American Art Association	1924	The collection of Professor Paolo Paolini, distinguished paintings & sculptures by celebrated Italian masters X-XVI Century	New York 10-11 febbraio 1924			catalogo d'asta			
B_209	American Art Association	1926	The collection of Raoul Tolentino. Paintings, with fine Primitive and Renaissance examples...	New York, 8-11 dicembre 1926			catalogo d'asta			
B_210	American Art Association	1926	The collection of Sr. Achillito Chiesa of Milan. Part III, XV-XVI Century majolicas Gothic ivories....	New York, 16-17 aprile 1926			catalogo d'asta			
B_211			The man of the day		«The Paris Time», 5 P.M. Edition, 8 marzo 1927, Parigi.		articolo di periodico			
B_212	American Art Association	1925	The Tolentino collection, important italian works of art, Gothic and Renaissance marbles...	New York, 29 31 gennaio 1925			catalogo d'asta			
B_213	Pandolfini	2016	Un secolo tra collezionismo e mercato antiquario a Firenze	Firenze, 19 ottobre 2016			catalogo d'asta			
B_214	Pandolfini	1968	Vendita all’asta dell’importante raccolta di dipinti antichi, mobili, oggetti d’arte e di arredamento, argenterie e preziosi appartenenti alla successione di Miss Rita Miriam Bellesi	Firenze, 14-17 ottobre 1968			catalogo d'asta			
B_215			Vendita Volpi		in «L'Antiquario», II, 9-10	pp. 57-61	articolo di periodico			
B_215_1			"L'Antiquario Alfredo Geri ha ritrovato la ""Gioconda"""		in «L'Antiquario», VI, 1913, 9-12		articolo di periodico			
B_215_2			Negozianti d'arte (Roma-Rovereto)		in «Maecenas», 1.1927, Berlino, Stern	p. 425	articolo di periodico			
B_215_3			La Madonna del Giambellino rubata e recuperata a Venezia		in «L'Antiquario», II, 1909, 1	pp. 6-8	articolo di periodico			
B_215_4			Mostra dei quarant'anni della Biennale: 1895-1935. Venezia, maggio-luglio 1935		Venezia, Tip. C. Ferrari		monografia			
B_216		2/15/2023	Intervista a Riccardo Bacarelli		Firenze		intervista			
B_217		2/15/2023	Intervista a Mattia e Maria Novella Romano		Firenze		intervista			
B_218		2/23/2023	Intervista ad Anita Anita Almehagen		Firenze		intervista			
B_219		2/24/2023	Intervista a Luigi Grassi		Firenze		intervista			
B_220		3/23/2023	Intervista a Luca Mana		Torino		intervista			
B_221		3/23/2023	Intervista a Roberto Grasselli		Torino		intervista			
B_222		2023-06-04 00:00:00	Intervista eredi Bellini, Firenze		Firenze		intervista			
B_223		5/21/2023	Intervista Tullio Calabi, Torino		Torino		intervista			
B_224		5/26/2023	Intervista a Roberto Freschi		Pistoia		intervista			
B_225		5/29/2023	Intervista a Roberto Siciliani				intervista			
B_226		2023-06-06 00:00:00	Intervista Emanuela Sestieri		Roma		intervista			
B_227		2023-09-06 00:00:00	Intervista a Marco Fabio Apolloni		Roma		intervista			
B_228		2023-09-06 00:00:00	Intervista a Alessandra Di Castro e Alberto Di Castro		Roma		intervista			
B_229		10/23/2023	Intervista a Davide Sestieri		Roma		intervista			
B_230		11/23/2023	Intervista a Damiano Lapiccirella		Roma		intervista			
B_231		10/18/2023	Intervista a Paolo Viancini				intervista			
B_232		1608	Le arme overo insegne di tutti li nobili della magnifica et illustrissima città di Venezia che hora vivono novamente racolte & con diligentia poste in luce		Venezia, apresso Alessandro Vecchi		monografia			
B_233		1931-1932	Guida commerciale della città e provincia di Venezia. Annuario commerciale, industriale, amministrativo, professionale, culturale, con annesso turistico		Venezia, Dott. Suttora & C.		monografia			
B_234	Bode, W.	1930	Mein Leben		Berlino, H. Reckendorf		monografia			
B_235		1937	Catalogo della prima fiera nazionale d'arte antica organizzata sotto gli auspici della federazione nazionale fascista commercianti prodotti artistici		"Cremona, Stabilimento tipografico società editoriale ""Cremona nuova"""		monografia			
B_236	Bignami, S. , Rusconi, P.	2012	Le arti e il Fascismo. Italia anni trenta		in «Art e Dossier», 291 (settembre 2012)		articolo di periodico			
B_237	Boscolo Marchi, M.	2022	Nino Barbantini e l'arte asiatica. L'attività per il Museo d'arte orientale Marco Polo		in «Saggi e Memorie di Storia dell'arte», 46 (2022)	pp. 170-179	articolo di periodico			
B_238	Benazzi, G.	2022	Lo studiolo di Gubbio al di qua e al di là dell’Atlantico	"in Gangemi, F., Michalsky, T. e Toscano, B. (a cura di), ""Medioevo tra due mondi. San Nicolò a San Gemini e le alienazioni monumentali nella prima metà del Novecento"""	Roma, Campisano Editore		saggio in volume			
B_239	Colombo, N.	2016	Lino Pesaro. Trentacinque anni tra arte e mostre		in Sansone	pp. 59-66	articolo di monografia			
B_240	de Divitiis, B., Folin, M. (a cura di)	2025	Kunstexporte aus Venedig nach der Einigung Italiens: Neue Quellen aus den Archiven in Venedig und Rom und die Kunst-und Antiquitätengalerie Guggenheim		in «Zibaldone», 79 (2025)	pp. 18-29	articolo di periodico			
B_241		1980	Gli Uffizi: catalogo generale		Firenze, Centro Di		monografia			
B_242	Gardner, E.E.	1998	A Bibliographical Repertory of Italian Private Collections	Vol. 1: Abaco-Cutolo	Vicenza, Neri Pozza Editore		monografia			
B_243	Gardner, E.E.	2002	A Bibliographical Repertory of Italian Private Collections	Vol. 2: Dabalà-Kvitkta	Vicenza, Neri Pozza Editore		monografia			
B_244	Giannini, C.	2007	"Donatello e una ""casa"" del Rinascimento. Capolavori dal Jacquemart Andrè. Dall'arredo al museo. La residenza di Edouard André e Nélie Jacquemart"		https://www.zoomedia.it/Firenze/eventi/medici_riccardi/donatello_casa_rinascimento/contributo_c_giannini.html		articolo online			
B_245	Galerie Hugo Helbing	1913	Catalogue de la collection de M. Le comm. M. Guggenheim, Venise. Objets d'Art et de haute Curiosité, Tableaux et Dessins de Maitres anciens		Monaco di Baviera, Hugo Helbing		catalogo d'asta			
B_246	Isman, F.	2004	Così un intero angolo di città ha traslocato: è andato in Pennsylvania, a Philadelphia	"in ""Venezia altrove. VA. Almanacco della presenza veneziana nel mondo"", 3.2004"	Venezia, Marsilio	pp. 13-31	saggio in volume			
B_247	Künzel, F., Götze, B.	1995	Verzeichnis des schriftlichen Nachlasses von Wilhelm von Bode		Berlino, Zentralarchiv, Staatliche Museen zu Berlin Preußischer Kulturbesitz		monografia			
B_248	Lazzarini, L.	2018	Venezia: un frammento configurato di architrave romano in pietra d’aurisina riusato come vasca tardomedievale	"in Pedone, S., Paribeni, A. (a cura di), ""Di Bisanzio dirai ciò che è passato, ciò che passa e che sarà. Scritti in onore di Alessandra Guiglia"""	Roma, Bardi Edizioni	vol. II, pp. 683-694	saggio in volume			
B_249	Levi, C.A.	1900	Le collezioni veneziane d'arte e d'antichità dal secolo XIV ai nostri giorni		Venezia, Ferdinando Ongania Editore		monografia			
B_250	Madesani, A., Staudacher, E. (Ed.)	2017	Galleria Pesaro. Storia di un mercante creatore di collezioni		Vicenza, Antiga Edizioni		monografia			
B_251	Mangiarotti, V.	1869	Guida commerciale di Venezia per l'anno 1869		Venezia, Reale tipografia di Gio. Cecchini		monografia			
B_252	Mangiarotti, V.	1884	Guida commerciale della città e provincia di Venezia per l'anno 1885		Venezia, Lito-tipografia M. Fontana		monografia			
B_253	Mangiarotti, V.	1903	Guida Mangiarotti città e provincia. Commerciale, industriale, amministrativa		Venezia, D. De Marco, A. Spalmach		monografia			
B_254	Mangiarotti, V.	1931-1932	Guida commerciale di Venezia e provincia. Annuario commerciale, industriale, amministrativo, professionale, culturale con annesso turistico		Venezia, Dott. Suttora & C.		monografia			
B_255	Martignon, A.	2015	Michelangelo Guggenheim (1837-1914) e il mercato di opere, di oggetti d'arte e d'antichità a Venezia fra medio Ottocento e primo Novecento		Tesi di Dottorato, tutor Prof.ssa G. Perusini, co-tutors Prof.ssa L. Borean, Prof. N. Stringa, Dottorato di Ricerca in Storia dell’Arte, Università degli Studi di Udine, a.a. 2014/2015 (2015)	pp. 96-99	tesi			
B_256	Martignon, A.	2025	Moisè Michelangelo Guggenheim (1837-1914) in Venice: dealer, manufacturer, decorator, collector and philanthropist	"in Davoli, S., Stammers, T. (a cura di), ""Jewish dealers and the European art market, c. 1860-1940: negotiating cultural modernity"""		pp. 57-74	saggio in volume			
B_257	Martoni, A.	2020	Il Maestro del Crocifisso della Fondazione Giorgio Cini: un convegno, un restaruo, una mostra		in «Lettera da San Giorgio», 42 (2020)	pp. 16-20	articolo di periodico			
B_258	Ongania, F.	1890	Der Grosse Canal in Venedig		Venezia, Ferdinando Ongania Editore	p. 33	monografia			
B_259	Paruzzo, V.	2017	Michelangelo Guggenheim e le arti decorative		in «Saggi e Memorie di storia dell'arte», 39 (2017)	pp. 46-71	articolo di periodico			
B_260	Penny, N.	2023	Antiquari e gallerie commerciali nella Venezia asburgica		in «Predella», 54 (2023)	pp. 91-105, tavv. XXIII-XXVI	articolo di periodico			
B_261	Pilo, G.M.	1961	Carpioni		Venezia, Edizioni Alfieri		monografia			
B_262	Pontiggia, E.	2018	Le mostre alla Galleria Pesaro	"in F. Benzi (a cura di), ""Mario Sironi"", catalogo della mostra"	Cinisello Balsamo (MI), Silvana Editoriale	pp. 307-309	saggio in volume			
B_263	Quill, S.	2018	Ruskin’s Venice. The Stones revisited. New Edition		Londra, Lund Humphries Publishers Ltd		monografia			
B_264	Rizzi, A.	1981	Vere da pozzo di Venezia. I puteali pubblici di Venezia e della sua laguna		Venezia, Stamperia di Venezia		monografia			
B_265	Rosenbaum, S.L.	1989	The Role of a Dealer in the Development of Collections: Loewi-Robertson, Inc., a Case Study		in «Bulletin du CIETA-Centre international d'étude des textiles anciens», 67 (1989)	pp. 89-101	articolo di periodico			
B_266	Scarante, L.	2024	Il sequestro dei beni di 'sudditi nemici' durante la Prima Guerra Mondiale: il caso della Galleria d’arte Loewi a Venezia		non pubblicata		tesi			
B_267	Sainte-Fare-Garnot, N.	1998	Les Tiepolo du Musée Jacquemart-André	"in Puppi, L. (a cura di), ""Giambattista Tiepolo nel terzo centenario della nascita"" (atti del convegno internazionale di studi Venezia - Vicenza - Udine - Parigi, 29 ottobre - 4 novembre 1996)"	Padova, Il Poligrafo	pp. 51-62	saggio in volume			
B_268	Samassa, I.	2012	Casa dei Battuti di Oderzo: un affresco di Giovanni di Francia ritrovato?		in «Commentari d'arte. Rivista di critica e storia dell'arte», 18 (2012)	pp. 66-69	articolo di periodico			
B_269	Sansone, L. (Ed.)	2016	Gallerie milanesi tra le due guerre		Cinisello Balsamo (MI), Silvana Editoriale		monografia			
B_270	Semenzato Casa d'asta	1995	Collezioni d'arte e d'antiquariato del N.H. Alvise Barozzi: Importanti mobili, dipinti antichi e oggetti d'arte provenienti anche da collezioni private		Venezia, Semenzato		catalogo d'asta			
B_271	Serra, L.	1914	Catalogo delle Regie Gallerie dell'Accademia		Venezia, C. Ferrari		monografia			
B_272	Tursi, A.	1923	Un palazzo veneziano del Quattrocento		Bergamo, Istituto Italiano d'arti grafiche		monografia			
B_273	Zorzi, E.		Il Museo d'arte orientale a Venezia	Milano	in «La Lettura»	pp. 204-210	articolo di periodico			
B_274	Casa di vendite palazzo Simonetti	1942	Vendita di oggetti d’arte negli studi terreni di via Margutta 53.B		Roma		catalogo d'asta			
B_275	Perretta, V.	1978	Ludwig Pollak uno ‘Swann romano’	"in Riessner C. (a cura di),"" Gli autografi goethiani della raccolta Pollak"""	Roma, Edizioni dell'Ateneo & Bizzarri	pp. 9-28	saggio in volume			
B_276	Merkel Guldan, M.	1988	Die Tagebücher von Ludwig Pollak. Kennerschaft und Kunsthandel in Rom 1893–1934		Vienna, Verlag der Österreichischen Akademie der Wissenschaften		monografia			
B_277	Moschini Marconi, S.	1955	Gallerie dell'Accademia di Venezia	a cura di Sandra Moschini Marconi	Roma, Istituto Poligrafico dello Stato	cat. 13	monografia			
B_278	Cagiano de Azevedo, E.	2002	Ludovico Pollak e il Museo Barracco: la donazione Nicod al Comune di Roma		in «Bollettino dei Musei Comunali di Roma», 48, 15 (2002)	pp. 117-132	articolo di periodico			
B_279	Cagiano de Azevedo, E.	2010	Fra commercio e istituzioni, la vita romana di Ludovico Pollak	"in E. Cagiano de Azevedo, R.G. Nucci (a cura di), ""Riflessioni sulla tutela. Temi, problemi, esperienze"""	Firenze, Polistampa	pp. 41-62	saggio in volume			
B_280	Rossini, O.	2018	Ludwig Pollak archeologo e mercante d’arte (Praga 1868 - Auschwitz 1943). Gli anni d’oro del collezionismo internazionale da Giovanni Barracco a Sigmund Freud	catalogo della mostra (Roma, Museo di Scultura Antica Giovanni Barracco e Museo Ebraico di Roma)	Roma, Gangemi Editore		monografia			
B_281	Ascarelli, R., Rossini, O.	2021	Ossessione per l’antico. Sigmund Freud e Ludwig Pollak tra ebraismo, archeologia, collezionismo	atti del convegno, Roma, Palazzo Braschi, (7 aprile 2019)	Roma, Edizioni 't		monografia			
B_282	De Giambattista, F.	2021	Sacro e profano nella collezione d’arte di Ludwig Pollak. Una scultura di Diana cacciatrice di epoca imperiale e una Madonna col Bambino del Trecento napoletano		in «Bollettino dei Musei Comunali di Roma», n.s. 35 (2021)	pp. 5-22	articolo di periodico			
B_283	von Trotha, H.	2021	Pollaks Arm		Berlino, Kalus Wagenbach		monografia			
B_284	De Giambattista, F.	2022	Ludwig Pollak, Wilhelm von Bode’s Trusted Art Dealer on the Roman Art Market (1902–1929): New Findings on the Provenance and Historical Context of Early Medieval and Byzantine Liturgic Sculptures sold to the Kaiser-Friedrich-Museum		in «Jahrbuch der Berliner Museen», 63 (2022)	pp. 65-90	articolo di periodico			
B_285	De Giambattista, F.	2023	Il contributo di Ludwig Pollak per l’arricchimento della collezione paleocristiana e medievale del Kaiser-Friedrich-Museum di Berlino. Le opere d’arte vendute a Wilhelm Bode tra il 1902 e il 1904		in «Arte Medievale», 4 s., 13 (2023)	pp. 271-290	articolo di periodico			
B_286	De Giambattista, F., Hüls-Valenti, K., Pötzsch, H.	2024	«‘[…] I am really proud to have in my room my Guercino and my Cavallino […]’. Ludwig Pollak and The Dream of Joseph. On the intricate Provenance of a Neapolitan Baroque Painting»		in «Predella», 56 (2024)	pp. 89-107, tavv. LXXXIV–XC	articolo di periodico			
B_287	De Giambattista, F.	2025	Ludwig Pollak e il Medioevo. Studio, collezionismo e commercio internazionale nella Roma postunitaria		Cinisello Balsamo (MI), Silvana Editoriale		monografia			
B_288	De Giambattista, F.	2025	Ludwig Pollak, Denis Mahon and Guercino's 'Mystical ecstasy of St Francis'		in «The Burlington Magazine», 167, pp. 1212-1217		articolo di periodico			
B_289	Salamon, F.	1960	Il conoscitore di stampe		Torino, Einaudi		monografia			
B_290	Salamon, F.	1971	La collezione di stampe: guida allo studio dell'incisione antica e moderna con oltre 250 illustrazioni in nero e 18 a colori		Milano, Mondadori		monografia			
B_291	Galleria Salamon, Agustoni, Algranti	1985	Incisioni dal XV al XIX secolo		Milano, Mondadori		catalogo d'asta			
B_292	Il Gabinetto Salamon, Dall'Orso, S.	1987	Antonio Visentini		Milano, Galleria Salamon		monografia			
B_293	Salamon, G.A.	2002	Il piacere di collezionare stampe contemporanee		Torino, Allemandi		monografia			
B_294	Salamon, L., Alvar, G.	2010	Saper vedere la stampa d'arte		Milano, Mondadori Arte		monografia			
B_295	Facchinetti, S.	2023	Matteo Salamon. Ragione e sentimento		in «Gazzetta antiquaria»		articolo online			
B_296	Palma, A.	2023	Salamon & C.		in «Bloomsbury Art Market»		articolo online			
B_297	Colnaghi, P.	1792-1795	The Cries of London		Londra, Colnaghi		monografia			
B_298	Manning, E., Shaw, J. B.	1960	Colnaghi's 1760-1960		Londra, Lund, Humphries & Co.		monografia			
B_299	Garstang, D.	1984	Art, Commerce and Scholarship. A Window onto the Art World. Colnaghi 1760-1984		Londra, P. & D. Colnaghi		monografia			
B_300	Baroni, J.	1990	Master Drawings: an exhibition at our New York Gallery		Londra, P. & D. Colnaghi		monografia			
B_301	Hall, N.H.J.	1992	Colnaghi in America. A Survey to commemorate the first decade of Colnaghi New York		New York, Nicholas H. J. Hall		monografia			
B_302	Yeide, N.H., Akinsha, K., Walsh, A.L.	2001	The AAM Guide to Provenance Research		Washington D.C., American Association of Museums		monografia			
B_303	Farr, D.	2004	Colnaghi Family	"in ""Oxford Dictionary of National Biography"""	Londra	https://www.oxforddnb.com/display/10.1093/ref:odnb/9780198614128.001.0001/odnb-9780198614128-e-65614?&mediaType=Article	voce di dizionario online			
B_304	Howard, J.	2010	Colnaghi, established 1760. The History		Londra, Colnaghi					
B_305	Fletcher, P., Helmreich A.	2011	Selected galleries, dealers and exhibition spaces in London, 1850-1939	"in ""The Rise of the Modern Art Market in London 1850-1939"""	Manchester, Manchester University Press	pp. 298-299	saggio in volume			
B_306	Howard, J.	2020	"Rome, London and Boston: Colnaghi, Bernard Berenson and the sale of Botticelli's ""Madonna of the Eucharist"" to Isabella Stewart Gardner"		in Catterson 2020	pp. 79-118				
B_307	Howard, J.	2021	Colnaghi and the Italian Renaissance: 250 years of dealing and collecting	"in ""Renaissance - six Italian masterpieces rediscovered"""	Venezia, Marsilio Arte	pp. 48-67	saggio in volume			
B_308	Reist, I.	2017	British Models of Art Collecting and the American Response		Londra, Routledge		monografia			
B_309	Coll, J.	2024	Tintoretto’s portraits of Giovanni Grimani		Venezia, Marsilio Arte		monografia			
B_310	Guggenheim, M.	1881	Tre lettere sui restauri di San Marco		Venezia, Kirchmayr & Scozzi		monografia			
B_311	Pollak, L.	1899	Catalogue des objets antiques recueillis par M. le Chev. Louis Saulini		Roma, tipo-litografia Miliani e Filosini		catalogo d'asta			
B_312	Serra, L.	1914	Catalogo delle R. R. Gallerie di Venezia		Venezia, Officine grafiche C. Ferrari		monografia			
B_313	Salvadori, A. e Geri	1919	Catalogo delle collezioni del fu comm. Antonio Dal Zotto e già Giuseppe Piccoli		Milano, G. Modiano		monografia			
B_314	Gardner, E.E.	2019	A Bibliographical Repertory of Italian Private Collections	vol. 5: V. Sabadini-Zweyer	Verona, Scripta Edizioni		monografia			
B_315	Fumagalli, C., Beltrami, L.	1891	La Cappella detta della Regina Teodolinda nella Basilica di San Giovanni in Monza e le sue pitture murali		Milano, Tipografia Pagnoni	p. 14	monografia			
B_316	Malaguzzi Valeri, F.	1908	Catalogo della Regia Pinacoteca di Brera	con cenno storico di Corrado Ricci	Bergamo, Istituto italiano d’arti grafiche	p. 14, cat. 22	monografia			
B_317	Guggenheim, M.		Sulla lavatura dei marmi di San Marco		Venezia, Tempo					
B_318	Giannini, C.	1998	Affreschi di Giovan Battista Tiepolo: dalle ville venete alle residenze europee. Proprietari, restauratori, clienti	"in Puppi L. (a cura di), ""Giambattista Tiepolo nel terzo centenario della nascita (atti del convegno Venezia 1996)"""	Venezia, Il Poligrafo	pp. 313-319	saggio in volume			
B_319	Guggenheim, M.		Risposta alla Camera di commercio sull'industria dei mobili artistici		Venezia, Reale tipografia di Gio. Cecchini		monografia			
B_320	Giannini, C.	2002	L’attimo fuggente: storie di collezionisti e mercanti		Bergamo, Lubrina		monografia			
B_321	Mallé, L.	1972	Museo Civico di Torino. Mobili e arredi lignei. Arazzi e bozzetti per arazzi		Torino		monografia			
B_322	Castronovo, S.	2023	Dossier: Omaggio a Silvana Pettenati. Lo studio dei vetri a oro		in «Studi e notizie. Palazzo Madama», anno 8, numero 7 (2023)	pp. 59-159	articolo di periodico			
B_323			D'Atri		https://agorha.inha.fr/ark:/54721/a987446c-3b53-4350-9de0-ea62f46796ab		voce di repertorio online			
B_324	Rinaldi, S.	2021	Il restauratore Giuseppe Steffanoni al servizio dei Fratelli Mora (1884-1901)		in «Rivista dell’Osservatorio per le arti decorative in Italia», 24	pp. 79-88	articolo di periodico			
B_325	Rinaldi, S.	2022	I restauri di Franco Steffanoni sui dipinti della Pinacoteca comunale di Vicenza (1908-1928)		in «Predella», 51	pp. 47-73, tavv. XIII-XVIII	articolo di periodico			
B_326	Rinaldi, S.	2025	L'archivio digitale dei restauratori Steffanoni di Bergamo (1883-1947)		in «Rivista dell'Istituto nazionale di archeologia e storia dell'arte», XLVIII, 80	pp. 353-372	articolo di periodico			
B_327	Scianna, E.	2025	Le plus radieux mélange de vénitien et de français: la vendita degli affreschi di Giambattista Tiepolo del Musée Jacquemart-André, nel 1893		in «Ricerche di S/confine, Oggetti e pratiche artistico/culturali», 9	pp. 84-94	articolo di periodico			
B_328		2024	Mio padre Giorgio Caretto e il suo occhio infallibile per i capolavori dell’arte fiamminga		in «Corriere della Sera», 22 giugno 2024		articolo di quotidiano			
B_329		20/05/2026	Intervista a Luigi Caretto		Torino		intervista			
B_330		2026-09-03 00:00:00	Intervista a Marzio Cortinovis		Bologna		intervista			
B_331	Sotheby's		La collezione di Maria Antonia Gianetti antiquario milanese in via Gesù 7, Milano. Catalogo d’asta Sotheby’s, 05/03/2003		Milano		catalogo d'asta			
B_332	Bacchi A.		Dalla Bibbia di Corradino a Jacopo della Quercia: Sculture e miniature italiane del medioevo e del Rinascimento		Milano, Galleria Nella Longari		monografia			
B_333		13/04/2026	Intervista a Marco e Ruggero Longari		Milano		intervista			
B_334		17/03/2026	Intervista a Michele Subert		Milano		intervista			
B_335	Bardelli, A.	2017	Due cassettoni “Maggioli” e una storia di antiquariato tra Milano e Varese		https://www.antiquanuovaserie.it/due-cassettoni-maggiolini-e-una-storia-di-antiquariato-tra-milano-e-varese/		articolo online			
B_336	Di Castro F.	2019	I Romanisti e l’antiquariato	"in ""Il gruppo dei romanisti ieri, oggi e domani: una tradizione che si rinnova"", atti del convegno, Roma, 2019"			atti di convegno			
B_337	Di Castro F.	s.d.	Biografia di Eugenio Di Castro (Roma 1890 – 1976)				documentazione			
B_338	Botana F.	2022	Tammaro De Marinis, Vittorio Forti, and the Acquisition of Islamic Manuscripts for J. P. Morgan in Constantinople in 1913		«Manuscript Studies», Issue 7.2, 2022	pp. 237-269	articolo di periodico			
B_339	Manzari F.	2024	Illuminations from Northern and Central Italy in the collection of the dealer Vittorio Forti	"in L. Cleaver, D. Magnusson, H. Morcos, A. Rais (a cura di), ""The pre-modern manuscript trade and its consequences, ca. 1890-1945"""	Leeds	pp. 117-144	saggio in volume			
B_340	Pozzoli V.	2016	V. Pozzoli, Lo studio d'arte Palma: storia di un'impresa per il commercio artistico nell'Italia del Dopoguerra		«ACME annali della Facoltà di Studi Umanistici dell'Università degli Studi di Milano», vol. 69 (2016), 2	pp. 145-174	articolo di periodico			
B_341	Maison de Ventes Lino Pesaro	1913	Exposition et vente de tableaux de Giovanni Segantini a Saint-Moritz	18-23 agosto 1913	Milano, Bertieri e Vanzetti		catalogo d'asta			
B_342	Lino Pesaro	1914	La Galerie Pisani de Florence: première partie		Milano, Bertieri e Vanzetti		monografia			
B_343	Galleria Pesaro	1924	Omaggio futurista a Umberto Boccioni : aeropitture, polimaterici, quadri religiosi, architetture, scenografie, arte decorativa		Milano, Galleria Pesaro		monografia			
B_344	Zanotto, F.	1847	Descrizione della città	"in: ""Venezia e le sue lagune"", vol. II, part. II"	Venezia, Stab. Antonelli	p. 482	saggio in volume			
B_345	Zanotto, F.	1856	Nuovissima guida di Venezia e delle isole della sua laguna: nella quale si sono corretti da oltre 200 errori che s'incontrano nelle altre guide		Venezia, Tip. G. Brizeghel	pp. 361, 609	monografia			
B_346		1877	Guida fedele del forestiero per la città di Venezia: nuovamente compilata sui luoghi e colla scorta delle opere più riputate, che trattano intorno alle arti veneziane. Nuovissima edizione		Venezia, Tip. G. Brizeghel	p. 99	monografia			
B_347		1880	A week in Venice. A complete guide-book to the city and its environs		Venezia, C. Coen and Son	p. 66	monografia			
B_348		1882	Gabinetto d'arte antica e moderna di C. Ricchetti a Ca Garzoni		in: “Gazzetta di Venezia” (1 Febbraio 1882)	p. 1	articolo di periodico			
B_349		1889	Guida Commerciale della città e provincia di Venezia per l'anno 1889 di Vittorio Mangiarotti. Anno XXII		Venezia, Tip. Longhi e Montanari	p. 80	monografia			
B_350		1898	Guida Commerciale Mangiarotti della città e provincia di Venezia e città del Veneto compilata a cura di Domenico De Marco proprietario. Anno XXXII. 1899		Venezia, Tip. C. Ferrari	p. 48	monografia			
B_351	Litchfield, F.	1904	How to collect old furniture		London, G. Bell and Sons	p. 53	monografia			
B_352	Favaretto, I.	1984	«Una tribuna ricca di marmi...»: appunti per una storia delle collezioni dei Grimani di Santa Maria Formosa		in: “Aquileia Nostra. Rivista dell'Associazione Nazionale per Aquileia”, Anno LV	coll. 205-240, qui 222	articolo di periodico			
B_353	Favaretto, I.	1989	Collezioni di antichità e cultura antiquaria a Venezia e nel Veneto al tempo della dominazione austriaca	in: Il Veneto e l'Austria. Vita e cultura artistica nelle città venete 1814-1866, catalogo della mostra, a cura di S. Marinelli, G. Mazzariol, F. Mazzocca	Milano, Electa	pp. 319-324, qui 321	saggio in volume			
B_354	Favaretto, I.	1990	Arte antica e cultura antiquaria nelle collezioni venete al tempo della Serenissima		Roma, L'Erma di Bretschneider	pp. 92, 271	monografia			
B_355	Zorzi, A.	1985	Venezia austriaca. 1798-1866		Roma-Bari, Laterza	p. 260-261	monografia			
B_356	Zorzi, M.	1988	Consiglio Richetti	"in ""Collezioni di antichità a Venezia nei secoli della Repubblica (dai libri e documenti della Biblioteca Marciana)"", catalogo della mostra, a cura di M. Zorzi"	Roma, Istituto Poligrafico e Zecca dello Stato	p. 160	saggio in volume			
B_357	Pagliarulo G., Spinelli R.	2009	Tra Controriforma e Novecento - Saggi per Giovanni Pratesi		Firenze, Nova Arti Grafiche		monografia			
B_358	Pratesi G., Schlegel U., Blasio S., Bellesi S.	1993	Repertorio della Scultura Fiorentina del Seicento e Settecento		Firenze, Allemandi & C.		monografia			
B_359	Gonzales Palacios A.	2022	Giovanni Pratesi	"in ""Forse è tutta questione di Luce - Ritratti e incontri"""	Salani editore	p. 490	saggio in volume			
B_360	Violo L.		Giovanni Pratesi. La cultura dell'antiquario		Gazzetta Antiquaria		intervista			
B_361	Lombardi L.	2023	Gli studi e le opere di Giovanni Pratesi		Il Giornale dell'Arte		intervista			
B_362	Ricchetti, A.	1890	Lo Stabilimento Guggenheim		«Il Tempo», 24 Febbraio 1890	p. 1	articolo di quotidiano			
B_363		1893	Venezia. Album		Padova, tipografia Cooperativa		monografia			
B_364	Guggenheim, M.	1897	Le cornici italiane dalla metà del secolo XV allo scorcio del XVI. Con breve testo riassuntivo intorno alla storia ed alla importanza delle cornici: 100 tavole, 120 cornici		Milano, Ulrico Hoepli		monografia			
B_365	Guggenheim, M.	1899	Il palazzo Papadopoli in Venezia: architettura interna, decorazione murale, ammobigliamento		Venezia, Giuseppe Battaglia edit. (tip. Emiliana)		monografia			
B_366		1913	Vendita della Collezione Comm. M. Guggenheim		«Gazzetta di Venezia», Ottobre 1913	p. 8	articolo di quotidiano			
B_367	Moronato, S.	1988	La collezione di tessuti Michelangelo Guggenheim		in «Bollettino dei Civici Musei Veneziani d'Arte e di Storia», 30 (1988)	pp. 205-212	articolo di periodico			
B_368	de Divitiis, B., Folin, M. (Ed.)	2025	La città degli storici dell'arte	The city of art historians	in «Insights», 6 (2025)	pp. 375-396	articolo di periodico			
B_369	Raggio, O., Wilmering, A.M.	1999	The Gubbio studiolo and its conservation		New York, The Metropolitan Museum of Art		monografia			
B_370	Carletti, L., Giometti, C.	2022	Un prestito controverso alla Mostra di Veronese del 1939. Le «difficoltà di indole psicologica» di Mortimer Leventritt	"in Dragoni, P. e Paparello, C. (a cura di), ""L’arte indifesa. Il destino di artisti e collezioni dopo l’emanazione delle leggi razziali"""	Firenze, Edifir	pp. 29-43	saggio in volume			
B_371	Galleria Pesaro	1927	Mostra di trentaquattro pittori futuristi		Milano, Bestetti & Tumminelli		monografia			
B_372	Galleria Pesaro	1927	Mostra individuale dello scultore Vincenzo Gemito e dei pittori Vincenzo Caprile, Vincenzo Migliaro		Milano, Bestetti & Tumminelli		monografia			
B_373	Galleria Pesaro	1928	La raccolta Melzi		Milano, Bestetti & Tumminelli		monografia			
B_374	Galleria Pesaro	1930	La raccolta del Duca di San Donato di Napoli		Milano, Casa editrice d'arte Bestetti & Tumminelli		monografia			
B_375	Galleria Pesaro	1931	La raccolta Lino Pesaro		Milano, Bestetti & Tumminelli		monografia			
B_376	Galleria Pesaro	1938	Esposizione dei XXXV anni: raduno degli artisti italiani viventi che organizzarono la loro mostra personale alla Galleria Pesaro		Milano, Stamperia e Tipografia Industriale S.E.T.I.		monografia			
B_377	Pollak, L.	1903	Klassisch-Antike Goldschmiedearbeiten im Besitze Sr. Excellenz A. J. von Nelidow		Lipsia, Karl W. Hiersemann		monografia			
B_378	Pollak, L.	1905	Der rechte Arm des Laokoon		in «Mitteilungen des Deutschen Archäologischen Instituts», Römische Abteilung, 20 (1905)	pp. 277–282	articolo di periodico			
B_379	Pollak, L.	1909	Die Athena der Marsyasgruppe Myrons		in «Jahreshefte des Österreichischen Archäologischen Institutes in Wien», 12, 1 (1909)	pp. 154–165, tavv. II–V	articolo di periodico			
B_380	Pollak, L., Barracco, G.	1910	Catalogo del Museo di Scultura Antica. Fondazione Barracco		Roma, Forzani & C.		monografia			
B_381	Pollak, L., Muñoz, A.	1912	Pièces des choix de la collection du Comte Grégoire Stroganoff à Rome par Ludwig Pollak et Antonio Muñoz	2 voll.	Roma, Unione editrice		monografia			
B_382	Pollak, L.	1922	Raccolta Alfredo Barsanti. Bronzi italiani (Trecento-Settecento)	con prefazione di Guglielmo Bode	Roma, Istituto italiano d’arti grafiche		monografia			
B_383	Pollak, L., Casa di vendite G. Tavazzi	1932	Collezioni Simonetti: quadri, mobili e oggetti d’arte		Roma, Casa di vendite G. Tavazzi		catalogo d'asta			
B_384	Marini, E.	1905	Venezia antica e moderna		Venezia, Tip. F. Visentini (1905)	p. 169	monografia			
B_385	Stella, A.	1912	Cronistoria della Esposizione Internazionale d'Arte della città di Venezia, 1895-1912		Venezia, G. Fabbris (1912)	pp. 21-22	monografia			
B_386	Di Martino, E.	2003	Storia della Biennale di Venezia, 1895-2003. Arti visive, architettura, cinema, danza, musica, teatro		Moncalieri, Papiro Arte	pp. 13-15	monografia			
B_387	Tüskés, A.	2023	Venice Art Company & Co.	in: Bloomsbury Art Markets. Protagonists, Networks, Provenances, curated by J. Nathan	London, Bloomsbury Publishing (2023)	https://www.bloomsburyvisualarts.com/article?docid=b-9781350924406&tocid=b-9781350924406-12507862&st=the+venice+art+company	voce di dizionario online			
B_388	Castellani, F.	2024	Sulla Biennale. Storie da un cantiere di studio		Milano, Postmedia Books		monografia			
B_389	Castellani, F.	2025	"La Biennale e Venezia. Spunti per una ""topografia storico-artistica"""	in: La città degli storici dell'arte/The City of Art Historians, a cura di B. de Divitiis e M. Folin	Torino, AISU International e Dipartimento Interateneo di Scienze, Progetto e Politiche del Territorio del Politecnico di Torino (2025)	pp. 375-394	saggio in volume			
B_400					Venezia		fonte archivistica	Archivio privato di Francesca Barozzi		
B_401					Venezia		fonte archivistica	Fondazione Musei Civici-Museo Correr	Museo Fortuny, Archivio fotografico	
B_402					Venezia		fonte archivistica	Fondazione Musei Civici-Museo Correr	Archivio Fotografico	
B_403					Venezia		fonte archivistica	Fondazione Giorgio Cini, Istituto di Storia dell’arte	Fototeca	
B_404					Venezia		fonte archivistica	Direzione regionale Musei nazionali Veneto	Archivio Storico	
B_405					Venezia		fonte archivistica	Archivio storico Municipale	Registro dell’anagrafe	
B_406					Venezia		fonte archivistica	Camera di Commercio di Venezia e Rovigo	Archivio storico	
B_407					Firenze		fonte archivistica	Museo e Gallerie Mozzo Bardini	Archivio Bardini	Corrispondenza (Dino Barozzi)
B_408					Roma		fonte archivistica	Archivio Centrale dello Stato	Fondo Ministero della Pubblica Istruzione, Direzione Generale Antichità e Belle Arti	
B_409					Berlino		fonte archivistica	Musei Statali di Berlino	Archivio Centrale	IV/NL Bode 636; KMA, I/SKS 43, I/SKS 47
B_410					Parigi		fonte archivistica	Parigi, Musée Jacquemart-André	Archivio	
B_411					Venezia		fonte archivistica	Direzione regionale Musei nazionali Veneto	Archivio Storico	Gallerie dell'Accademia, b. 1/1 ‹‹Offerte e acquisti dal 1821 al 1900››, fasc. 24; b 1/3 ‹‹Offerte e acquisti dal 1908 al 1911››, fasc. 35; b. 1/5 ‹‹Offerte e acquisti dal 1923 al 1932››, fasc. 3
B_412					Venezia		fonte archivistica	Camera di Commercio di Venezia e Rovigo	Archivio Storico	Registro ditte, b. 4258
B_413					Firenze		fonte archivistica	Museo e Gallerie Mozzo Bardini	Archivio Bardini	Corrispondenza (Michelangelo Guggenheim)
B_414					Berlino		fonte archivistica	Musei Statali di Berlino	Archivio Centrale	Nachlass Bode 1195
B_415					Roma		fonte archivistica	Archivio Centrale dello Stato	Fondo Ministero delle Finanze, Direzione Generale Coordinamento tributario	Affari generali e personale (1938–1945), servizio Beni ebraici, Affari generali, Gestione dei beni eccedenti e RSI decreti di confisca, b. 86
B_416					Venezia		fonte archivistica	Direzione regionale Musei nazionali Veneto	Archivio Storico	Gallerie dell'Accademia, b. 1/3 3 ‹‹Offerte e acquisti dal 1908 al 1911››, fasc. 11 (Michelangelo Guggenheim)
B_417					Berlino		fonte archivistica	Musei Statali di Berlino	Archivio Centrale	Nachlass Bode 2252
B_418					Roma		fonte archivistica	Archivio Centrale dello Stato	Fondo Ministero dell’Interno	Direzione Generale della Pubblica Sicurezza, Divisione Polizia Politica, Loewi Adolfo
B_419					Venezia		fonte archivistica	Direzione regionale Musei nazionali Veneto	Archivio Storico	Cà d’Oro-Doni, lasciti, inventari, catalogo, b. 19/1; Gallerie dell’Accademia, b. 1/4
B_420					Berlino		fonte archivistica	Ministero degli Esteri	Archivio Politico	
B_421					Katonah (NY)		fonte archivistica	The Rosen House at Caramoor	Archivio storico	
B_422					Los Angeles (CA)		fonte archivistica	Los Angeles County Museum of Art-LACMA	Archivio Storico	
B_423					Bologna		fonte archivistica	Archivo Storico della Camera di Commercio di Bologna	"Fascicolo ""Molena"""	
B_424					Bologna		fonte archivistica	Archivo Storico della Camera di Commercio di Bologna	"Fascicolo ""Pini"""	
B_425					Bologna		fonte archivistica	Archivo Storico della Camera di Commercio di Bologna	"Fascicolo ""Rambaldi"""	
B_426					Roma		fonte archivistica	Museo di Scultura Antica Giovanni Barracco	Archivio Pollak	
B_427					Roma		fonte archivistica	Archivio Storico Capitolino	Sezione Diplomatica Miscellanea, I,1; Fondo Ripartizione X Antichità e Belle Arti	
B_428					Roma		fonte archivistica	Museo di Roma–Sovrintendenza Capitolina ai beni culturali	Cartella «Dono Süssmann Nicod»	
B_429					Roma		fonte archivistica	Archivio Centrale dello Stato	Fondo Ministero della Pubblica Istruzione, Direzione Generale Antichità e Belle Arti	Divisione I (1915), Divisione I (1920-1924), Divisione II, 1934-1940, Divisione III, Musei, gallerie, ICR, Gab. nazionale delle stampe, mostre, esportazioni, acquisti, notifiche, catalogo, 1929-1960; Fondo esportazione, Roma (1887–1904); Serie Scavi; musei, gallerie, oggetti d’arte, esportazioni, monumenti; Ministero dell’Interno, Gabinetto, Archivio generale, Fascicoli correnti (da giugno 1944); Ministero dell’Interno, Direzione Generale della Pubblica Sicurezza, Polizia Politica, fasc. personali 1926-1944, Pollak Ludwig
B_430					Roma		fonte archivistica	Biblioteca Angelica	Fondo Barnabei	
B_431					Roma		fonte archivistica	Bibliotheca Hertziana	Fototeca	
B_432					Roma		fonte archivistica	ASCER-Archivio Storico della Comunità Ebraica di Roma «Giancarlo Spizzichino»	Anagrafe	
B_433					Roma		fonte archivistica	UCEI-Unione delle Comunità Ebraiche Italiane, Biblioteca Nazionale dell’Ebraismo Italiano «Tullia Zevi»	Fondo CRDE-Comitato Ricerche Deportati Ebrei	
B_434					Roma		fonte archivistica	Ministero degli Affari Esteri e della Cooperazione Internazionale	Archivio Storico Diplomatico	Fondo Affari politici 1931-46
B_435					Roma		fonte archivistica	Archivio Simonetti	Research Collections	John Marshall Archive; Eugénie Sellers Strong Papers
B_436					Roma		fonte archivistica	British School at Rome		
B_437					Roma		fonte archivistica	Deutsches Archäologisches Institut-Rom	Fondo D-DAI-ROM-A-A-III-NL-Hülsen	
B_438					Città del Vaticano		fonte archivistica	Archivio Storico dei Musei Vaticani	Carte del personale dirigente dei Musei, Carte Nogara	
B_439					Bologna		fonte archivistica	Fondazione Federico Zeri	Fototeca	
B_440					Catania		fonte archivistica	Museo civico Castello Ursino	Archivio storico	
B_441					Ravenna		fonte archivistica	Biblioteca Classense	Fondo Corrado Ricci	
B_442					Milano		fonte archivistica	Istituto Lombardo Accademia di Scienze e Lettere	Fondo Bartolomeo Nogara	
B_443					Venezia		fonte archivistica	Direzione regionale Musei nazionali Veneto	Archivio Storico	Regio Ufficio di Esportazione oggetti d’arte-Venezia
B_444					Bad Arolsen		fonte archivistica	Arolsen Archives-International Center on Nazi Persecution	Correspondence file T/D–1044025	
B_445					Berlino		fonte archivistica	Musei Statali di Berlino	Archivio Centrale	Königliches Museen Acta
B_446					Berlino		fonte archivistica	Max-Planck-Gesellschaft zur Förderung der Wissenschaften	Archivio	I. Abt. Rep. 7
B_447					Berlino		fonte archivistica	Musei Statali di Berlino	Archivio Centrale	Nachlass Bode 4215; Nachlass Bode 6437; Va 9871, Charles R. Morley
B_448					Dublino		fonte archivistica	National Gallery of Ireland	Sir Denis Mahon Library & Archive	IE NGI–DM–1–2–3–2–1–6–18
B_449					Oxford		fonte archivistica	Ashmolean Museum of Art and Archaeology	MMA 10.231.1	
B_450					Parigi		fonte archivistica	Fondation Custodia–Collection Frits Lugt		
B_451					Cambridge (MA)		fonte archivistica	Harvard University	Harvard Art Museum Archives	Edward Waldo Forbes Papers (HC 2)
B_452					Durham (NC)		fonte archivistica	Duke University	Rubenstein Library	Willard Bayer Golovin Papers
B_453					Los Angeles (CA)		fonte archivistica	The Getty Research Institute	Research Libraries, Archives and Special Collections	Colnaghi records, 1894-1959; P. & D. Colnaghi & Co. letters received, 1802-1851; David Roberts Correspondence, 1837-1864; Photographs of European drawings sold at Colnaghi’s
B_454					Washington (DC)		fonte archivistica	National Gallery of Art	Image Collection: Colnaghi: Adrian Eeles Archive; John R. Freeman & Co. Archive	
B_455					New York (NY)		fonte archivistica	The Metropolitan Museum of Art	Samuel Putnam Avery Diaries, 1871-1882	
B_456					New York (NY)		fonte archivistica	Pierpont Morgan Library Archives	Morgan Collections Correspondence, 1887-1948; Reference Collection-Auction & Dealer Catalogs; Literary and Historical Manuscripts (LHMS);	
B_457					New York (NY)		fonte archivistica	The Frick Collection and Frick Art Research Library	Rosenberg & Stiebel Archive - Subject Files;	
B_458					New York (NY)		fonte archivistica	New York Public Library	Paul Colnaghi manuscript material: 1 item, 1818	
B_459					Cleveland (OH)		fonte archivistica	The Cleveland Museum of Art	Records of the Director's Office: Frederic Allen Whiting, 1913-1930	
B_460					Roma		fonte archivistica	Archivio Centrale dello Stato	Archivio Generale	"Fondo Consulta Araldica, fascc. - nobiliari e araldici delle singole famiglie, b. 1059, fasc. 6256 ""Salvadori, Antonio"""
B_461					Venezia		fonte archivistica	Direzione regionale Musei nazionali Veneto	Archivio Storico	Gallerie dell'Accademia, b. 1/2 ‹‹Offerte e acquisti dal 1901 al 1907››, fascc. 1, 22; b 1/3 ‹‹Offerte e acquisti dal 1908 al 1911››, fascc. 32, 42/2, s.n.; b. ¼ ‹‹Offerte e acquisti dal 1912 al 1922››, fasc.11;
B_462					Berlino		fonte archivistica	Musei Statali di Berlino	Archivio Centrale	Nachlass Bode 4704
B_463					Bergamo		fonte archivistica	Accademia Carrara	Archivio Steffanoni	
B_464					Venezia		fonte archivistica	Direzione regionale Musei nazionali Veneto	Archivio Storico	Gallerie dell'Accademia, b 1/3 ‹‹Offerte e acquisti dal 1908 al 1911››, fasc. ‹‹Affreschi di Villa Diedo a Zianigo››;
B_465					Berlino		fonte archivistica	Musei Statali di Berlino	Archivio Centrale	Nachlass Bode 5270
B_467					Roma		fonte archivistica	Archivio Centrale dello Stato	Fondo Ministero dell’Interno, Gabinetto, Archivio generale	Direzione Generale della Pubblica Sicurezza, Polizia Politica, fasc. personali 1926-1944, Pollak Ludwig
B_468					Roma		fonte archivistica	Archivio Centrale dello Stato	Ministero della Pubblica Istruzione, Direzione Generale Antichità e Belle Arti	"Divisione seconda (già Divisione prima)/Scavi; musei, gallerie, oggetti d'arte, esportazioni; monumenti/1908-1912 (Divisione prima)/ ""Venezia. Acquisto di una vera da pozzo, già nel palazzo Sarasco di Ferrara, di proprietà dell’antiquario Salvadori (1910-1911)"""
