ID	Didascalia
AC_img1.jpg	Pietro Accorsi negli anni '70
AL_img1.jpg	Luigi Albrighi e Bernard Berenson, 1955 (foto Mondadori Portfolio)
AN-EF_img1.jpg	Giuseppe Antonacci (foto Antonacci La Piccirella)
AN-EF_img2.jpg	Galleria Antonacci-Efrati, via del Babuino 146
AP_img1.jpg	Fabrizio Apolloni, Galleria Apolloni
BA_I_img1.jpg	"Benvenuto Bacarelli con Sandro Pertini. Da ""Gazzetta Antiquaria"""
BA_II_img1.jpg	"Stefano Bardini. Da ""L'Antiquario"", 1908"
BA_II_img2.jpg	Stefano Bardini (foto Studio Bettini, 1880-1890)
BA_II_img3.jpg	Galleria Bardini, il salone
BA_III_img1.jpg	"Alfredo Barsanti. Da ""L'Antiquario"", 1924"
BA_III_img2.jpg	Galleria di Alfredo Barsanti, via Sistina 48, 1906
BA_IV_img1.jpg	Giuseppe Baslini nel 1870 (foto Archivio Poldi Pezzoli)
BA_IV_img2.jpg	Giuseppe Baslini nel 1887
BE_I_img1.jpg	"Luigi Bellini. Da ""L'Antiquario"", 1926"
BE_I_img2.jpg	"Galleria Bellini. Da ""L'Antiquario"", 1929"
BE_I_img3.jpg	"Luigi Bellini. Da ""L'Antiquario"", 1926"
BE_I_img4.jpg	Giuseppe e Mario Bellini alla Biennale del 1967
BE_II_img1.jpg	Cartolina inviata da Giuseppe Bellesi a Mario Viezzoli, 1944
BO_img1.jpg	Ildebrando Bossi
BR_I_img1.jpg	Ivan Bruschi (foto Fondazione Bruschi)
BR_III_img1.jpg	Italico Brass al fronte, 1915-1916 
CA_I_img1.jpg	Cesare Canessa con il tenore Enrico Caruso e altri (da "Canessa. Una famiglia di antiquari")
CA_I_img2.jpg	Galleria Canessa in 479 Fifth  Avenue, New York (da "Canessa. Una famiglia di antiquari")   
CA_II_img1.jpg	Autoritratto di Vincenzo Capobianchi
CI_img1.jpg	"Vincenzo Ciampolini. Da ""L'Antiquario"", 1932"
CO_I_img1.jpg	Alessandro Contini Bonacossi, 1955
CO_I_img2.jpg	Villa Vittoria, Firenze
CO_I_img3.jpg	Alessandro Contini Bonacossi
CO_II_img1.jpg	Augusto Corvisieri. Dal catalogo Asta L'Antonina, 1936
CO_III_img1.jpg	Emilio Costantini (foto The Acton Photographic Archive, Villa La Pietra)
CR_img1.jpg	Severino Crosa a Palazzo Granello
CR_img2.jpg	Interno dell'appartamento di Crosa in Palazzo Granello
DI_img1.jpg	"Franco Di Castro. Da ""Gazzetta antiquaria"""
DI_img2.jpg	Galleria Di Castro, via del Babuino 87-88
FE_img1.jpg	"Gioacchino Ferroni. Da ""L'Antiquario"", 1909"
FE_img2.jpg	Studio di Gioacchino Ferroni alla morte dell'antiquario, 1909
GA_img1.jpg	"Antonio Galliani. Da ""L'Antiquario"", 1913"
GE_I_img1.jpg	Ritratto di Benno Geiger di Konrad von Kardorff, 1914 (Berlino, Altenationalgalerie) 
GI_img1.jpg	"Ubaldo Giugni. Da ""L'Antiquario"", 1928"
GI_img2.jpg	Pubblicità Galleria Giugni, anni '50
GR_img1.jpg	"Luigi Grassi. Da ""L'Antiquario"", 1924"
GR_img2.jpg	Galleria di Luigi Grassi, Palazzo Montagliari. Da catalogo Asta American Art Association, 1927
IM_img1.jpg	Galleria di Alexandre Imbert (foto D'Alessandri, 1884-1889)
IM_img2.jpg	Alexandre Imbert
JA_img1.jpg	Augusto Jandolo nel suo studio, 1930, (Museo della Fondazione, Circolo Artistico Politecnico, Ets.)"
JA_img2.jpg	"Augusto Jandolo. Da ""L'Antiquario"", 1913"
JA_img3.jpg	"Ettore Jandolo. Da ""L'Antiquario"", 1913"
JA_img4.jpg	"Ugo Jandolo. Da ""L'Antiquario"", 1913"
JA-TA_img1.jpg	Catalogo asta Jandolo & Tavazzi, 1911
LA_I_img1.jpg	"Leonardo Lapicirella, 1955 ca. Da ""Giornale dell'arte"", 2022"
LA_I_img2.jpg	Studio Lapicirella, via Rondinelli (foto Barsotti)
LA_I_img3.jpg	Leonardo Lapicirella con Emanuele Efrati
LA_II_img1.jpg	"Michele Lazzaroni. Da ""Tribuna illustrata"", 1893"
NI_img1.jpg	"Costantino Nigro. Da ""Genova e il collezionismo nel Novecento"", 2001"
NI_img2.jpg	"Costantino Nigro. Da ""Genova e il collezionismo nel Novecento"", 2001"
OR_img1.jpg	"Raimondo Orselli. Da ""L'Antiquario"", 1929"
PI_img1.jpg	"Giovanni Pini. Da ""L'Antiquario"", 1925"
PI_img2.jpg	"Umberto Pini. Da ""L'Antiquario"", 1926"
PO_I_img1.jpg	"Publio Podio. Da ""L'Antiquario"", 1913"
PO_I_img2.jpg	Galleria Podio a Bologna (foto Direzione Regionale Musei Emilia-Romagna)
PO_I_img3.jpg	Galleria di Luigi Podio a Venezia, 1932
PO_I_img4.jpg	Galleria di Luigi Podio a Venezia, 1932
PO_I_img5.jpg	Galleria di Luigi Podio a Venezia, 1932
PO_I_img6.jpg	Galleria di Luigi Podio a Venezia, 1932
RA_img1.jpg	"Arturo Rambaldi. Da ""L'Antiquario"", 1913"
RO_img1.jpg	"Salvatore Romano. Da ""L'Antiquario"", 1932"
RO_img2.jpg	Salvatore Romano e Carmine Ciardello. Da Catalogo Pandolfini, 2016
RO_img3.jpg	Francesco Romano. Da Catalogo Pandolfini, 2016
RO_img4.jpg	Galleria Romano, palazzo Magnani Feroni
RU_img1.jpg	Orlando Grosso, Antonio Morassi e Pompeo Rubinacci
RU_img2.jpg	La Galleria Rubinacci nel 1960 ca.
RU_img3.jpg	La Galleria Rubinacci nel 1960 ca.
SA_I_img1.jpg	Giovanni Salocchi negli anni '40
SA_I_img2.jpg	Giovanni Salocchi e la sua famiglia, 1959
SA_II_img1.jpg	"Salvadore Salvadori. Da ""L'Antiquario"", 1929"
SA_II_img2.jpg	Galleria Salvadori, Firenze (foto Biblioteca Berenson, I Tatti)
SA_III_img1.jpg	Giulio Sambon (foto Archives Nationales de France, Fonds Sambon)
SA_IV_img1.jpg	Giuseppe Sangiorgi (foto Biblioteca C. Venturini, Massa Lombarda)
SA_IV_img2.jpg	"Giuseppe Sangiorgi. Da ""L'Antiquario"", 1925"
SA_IV_img3.jpg	Galleria Sangiorgi, Palazzo Borghese (foto Anderson, 1898 ca.)
SA_IV_img4.jpg	Galleria Sangiorgi, sala dei libri e autografi, 1895 ca.
SA_IV_img5.jpg	Pubblicità della Galleria Sangiorgi, 1895 ca.
SE_I_img1.jpg	Galleria Segre, Piazza di Spagna
SE_II_img1.jpg	Ritratto di Pellegrino Sestieri, olio su tela. Collezione Sestieri
SE_II_img2.jpg	Emanuele Sestieri (Archivio privato Sestieri)
SE_II_img3.jpg	Guido Sestieri davanti al negozio Sestieri, Via Margutta 53
SE_II_img4.jpg	Carlo Sestieri
SI_img1.jpg	Attilio Simonetti (Archivio Simonetti di Giovanni Carboni) 
SI_img2.jpg	Studio, Palazzo Altemps (Archivio Simonetti di Giovanni Carboni) 
TA_img1.jpg	Carta intestata della Galleria Tavazzi
TO_img1.jpg	"Raul Tolentino. Da ""L'Antiquario"", 1913"
TO_img2.jpg	"Raul Tolentino. Da ""American Art News"", 1920"
TO_img3.jpg	Pubblicità Tolentino Art Gallery, 1920 ca.
VI_I_img1.jpg	"Ettore Viancini. Da ""Bolaffi Arte"", 1976"
VI_III_img1.jpg	"Edoardo Villa. Da ""L'Antiquario"", 1925"
VO_I_img1.jpg	"Elia Volpi. Da ""L'Antiquario"", 1916"
VO_I_img2.jpg	Elia Volpi (foto Brogi, 1910 ca.)
VO_I_img3.jpg	Interno di Palazzo Davanzati (fotografia Alinari, 1910)
VO_II_img1.jpg	"Giuseppe Volterra. Da ""L'Antiquario"", 1923"
VO_II_img2.jpg	Gualtiero Volterra con Felice Boghen (foto Mario Nunes Vais)
ZA_img1.jpg	Gilberto Zabert nella sua galleria, 1973
ZA_img2.jpg	Gilberto Zabert nella sua galleria, 1973
ZA_img3.jpg	Gilberto Zabert nella sua galleria, 1973
GE_II_img1.jpg	Ritratto di Alfredo Geri, foto di Mario Nunes Vais (ICCD)
GE_II_img2.jpg	Ritratto di famiglia con Alfredo Geri e il figlio Aldo (1905 ca.), foto di Mario Nunes Vais (ICCD)
CE_img1.jpg	Adriano Cera a Metaponto (Archivio Famiglia Cera)
CE_img2.jpg	Adriano Cera al Louvre (Archivio Famiglia Cera)
CE_img3.jpg	Adriano Cera con Eugenio Riccomini (Archivio Famiglia Cera)
ME_img1.jpg	Angiolo Melli
ME_img2.jpg	Cesare Melli
ME_img3.jpg	Caricatura di Gustavo Melli, da "L'Antiquario", marzo 1929
ME_img4.jpg	Gustavo Melli
SA_VI_img1.jpg	Antonio Salvadori 'americaneggiante' recupera il Bellini rubato, da "L'Antiquario", giugno 1909
GR_II_img1.jpg	Antonio Grandi nel 1921 (FAI, Archivio Grandi)
CA_III_img1.jpg	Achille Cantoni (Gabinetto Vieusseux, Firenze, Archivio "Alessandro Bonsanti", Fondo Orvieto, Or. 6B.11.22)
FO_img1.jpg	Carlo Alberto Foresti con Robert Langton Douglas a Venezia nel 1922 (Archivio Foresti) 
FO_img2.jpg	Carlo Alberto Foresti con Frederick Mason Perkins e Irene Vavasour Elder, Santa Margherita Ligure, 1926 (Archivio Foresti)
FO_img3.jpg	Studio artistico di Carlo Alberto Foresti a Milano, via Manzoni 43 (Archivio Foresti)
FO_img4.jpg	Studio artistico di Carlo Alberto Foresti a Milano (Archivio Foresti)
BA_V_img1.jpg	Dino Barozzi nel 1883 (Archivio Francesca Barozzi)
BA_V_img2.jpg	Pubblicità della galleria Barozzi (dal Catalogo delle R.R. Gallerie di Venezia, 1914)
BA_V_img3.jpg	Sala d'ingresso di Palazzo Soranzo Van Axel (foto Alinari, 1922-1923)
CA_IV_img1.jpg	La galleria Carrer da "Der Grosse Canal in Venedig", 1890
CA_IV_img2.jpg	Iniziali di Antonio Carrer sul portale d'ingresso della Scuola dei Battiloro
CA_IV_img3.jpg	Tiepolo, affresco staccato da Palazzo Volpato Panigai a Nervesa (foto Musei Statali di Berlino)
PE_img1.jpg	Guido Tallone, Ritratto di Lino Pesaro nel 1930
PE_img2.jpg	Biglietto da visita della Galleria Pesaro disegnato da Alberto Martini (Milano, Castello Sforzesco, Raccolta Achille Bertarelli)
GU_img1.jpg	Ritratto di Michelangelo Guggenheim all'età di quarant'anni
LO_img1.jpg	Adolph Loewi con William Robertson nella galleria di Los Angeles, 1968 ca. (da Rosenbaum 1989)
LO_img2.jpg	The "Italian Room" from Chiavenna, (foto Seattle Art Museum)
LO_img3.jpg	The Burgundian Library, The Rosen House at Caramoor
PO_III_img1.jpg	Fotoritratto di Ludwig Pollak contenuta nell’album per celebrare i settant’anni del Prof. Eugen Bormann, 1912 ca.
PO_III_img2.jpg	Ludwig Pollak nel suo studio a Palazzo Odescalchi in piazza Santi Apostoli, 1935-1943
PO_III_img3.jpg	Cesare Faraglia, Salotto dell'abitazione di Ludwig Pollak a Palazzo Odescalchi, 1928-1943 ca.
SA_VII_img1.jpg	La galleria della famiglia Salamon "Arte antica" a Torino, anni cinquanta del Novecento
SA_VII_img2.jpg	Uno degli ambienti della galleria di Matteo Salamon in via San Damiano 2 a Milano, 2025
SA_VII_img3.jpg	Matteo Salamon nel suo stand all'edizione 2026 di TEFAF Maastricht, 14 marzo 2026
CO_IV_img1.jpg	Particolare dello stand Colnaghi a TEFAF Maastricht 2026
SA_VI_NEW_img2.jpg	Giulio Genova, palazzo Moro Lin sul Canal Grande, 1894-1915 (Venezia. I.P.A.V., fondo fotografico Tomaso Filippi)
SA_VI_NEW_img1.jpg	Carta intestata della Galleria Salvadori in via XXII Marzo (ACS, Archivio Generale)
ST_NEW_img1.jpg	Carta intestata della Ditta Giuseppe Steffanoni e figli (Musei Statali di Berlino, Archivio centrale)
LO_I_img1.jpg	Nella Longari e la passione per la scultura medievale
LO_I_img2.jpg	La nuova generazione Longari
SU_img1.jpg	Emanuele Subert 1830-1888
SU_img2.jpg	Rodolfo Subert 1873-1958
SU_img3.jpg	Rodolfo Subert (Duda) 1898-1978
SU_img4.jpg	Alberto Subert 1929-2021
CA_V_img1.jpg	Giorgio Caretto nella sua galleria negli anni Ottanta
CO_V_Img1.jpg	Guido Cortinovis, Autoritratto, 1942, collezione privata
GI_I_img1.jpg	Maria Antonia Gianetti e Federico Zeri
GI_I_img2.jpg	Maria Antonia Gianetti nella sua galleria
DI_I_img1.jpg	L'antiquario "romanista" Eugenio Di Castro negli anni Sessanta
PA_III_img1.jpg	Pietro Maria Bardi con Le Corbusier nel 1936
PA_III_img2.jpg	Pietro Maria Bardi all'esposizione di Pittura italiana antica a Rio de Janeiro, 1946
PA_III_img3.jpg	Interni dello Studio d'Arte Palma a Roma
DA_img1.jpg	Timbro con il monogramma di Pietro D'Atri sul verso di una fotografia conservata presso la Fototeca Zeri (inv. 101762)
DA_img2.jpg	Rue La Boétie a Parigi, sede della Galleria D'Atri
FO_I_img1.jpg	Libreria antiquaria di Tammaro De Marinis a Firenze in società con Vittorio Forti
PR_img1.jpg	Ritratto di Giovanni Pratesi
PR_img2.jpg	Giovanni Pratesi nella sua galleria di via Maggio a Firenze
RI_I_img1.jpg	Palazzo Marcello, Venezia, fine del XIX secolo (Collezione privata)
RI_I_img2.jpg	Palazzo Garzoni, Venezia, XXI secolo
VE_I_img1.jpg	Veduta da Punta della Dogana con Palazzo Dandolo, sede della The Venice Art Gallery  (1890-1891)
VE_I_img2.jpg	Mariano Fortuny y Madrazo, Veduta da Punta della Dogana (con Palazzo Dandolo), Venezia, 1907
